sample_id,batch_number,barcode,product_name,product_category,manufacturer_name,manufacturer_address,net_quantity,unit_of_measurement,mrp_declaration,mrp_value_inr,unit_sale_price,packing_date,consumer_care_phone,consumer_care_email,country_of_origin,label_readability,compliance_status,compliance_score,risk_tier,violation_count,violated_rules,violation_descriptions
LM-GEN-00001,BN8481,8908718209494,Sunscreen Lotion,Personal Care,Odisha Produce Ltd.,"Chandaka Industrial Estate, Bhubaneswar, Odisha - 751024",50ml,ml,MRP Rs. 50 (Incl. of all taxes),50,Rs. 1.0 per ml,07/2022,,,India,GOOD,NON_COMPLIANT,85,LOW,1,LM-PC-007,Consumer care helpline and email not provided
LM-GEN-00002,BN6948,8909322325570,Eraser,Agriculture,Bengal Foods International,"Park Circus, Kolkata, West Bengal - 700017",20N,N,MRP Rs. 650 (Incl. of all taxes),650,Rs. 32.5 per N,12/2022,,,Manufactured in India,GOOD,NON_COMPLIANT,85,LOW,1,LM-PC-007,Consumer care helpline and email not provided
LM-GEN-00003,BN2470,8905162286915,Hybrid Tomato Seeds,Agriculture,Hindustan Consumer Goods,"Andheri East, MIDC, Mumbai, Maharashtra - 400093",10g,g,MRP Rs. 450 (Incl. of all taxes),450,Rs. 45.0 per g,09/2022,1800-419-8900,consumer@product.in,India,MODERATE,COMPLIANT,100,NONE,0,None,None
LM-GEN-00004,BN1430,8903277946209,Ayurvedic Churan,Condiments,,"Phase II, Industrial Zone, Ludhiana, Punjab - 141010",100g,g,MRP Rs. 1199 (Incl. of all taxes),1199,Rs. 11.99 per g,03/2023,1800-123-7890,info@pack.in,China,GOOD,NON_COMPLIANT,85,LOW,1,LM-PC-002,Manufacturer/packer name not declared
LM-GEN-00005,BN8536,8901755099620,Body Lotion,Beverages,Odisha Produce Ltd.,"Chandaka Industrial Estate, Bhubaneswar, Odisha - 751024",400ml,ml,MRP Rs. 35 (Incl. of all taxes),35,Rs. 0.0875 per ml,03/2022,,,India,MODERATE,NON_COMPLIANT,85,LOW,1,LM-PC-007,Consumer care helpline and email not provided
LM-GEN-00006,BN4134,8906922293895,Cumin Seeds,Spices,Pushpak Packaging Pvt. Ltd.,"Industrial Area Phase 1, Chandigarh - 160002",200g,g,MRP Rs. 1199 (Incl. of all taxes),1199,Rs. 5.995 per g,11/2022,1800-419-8900,consumer@product.in,Made in India,GOOD,COMPLIANT,100,NONE,0,None,None
LM-GEN-00007,BN1415,8903471823424,Moong Dal,Pulses,Kerala Naturals Pvt. Ltd.,"SY 22/3, Edapally, Kochi, Kerala - 682024",500g,g,MRP Rs. 399 (Incl. of all taxes),399,Rs. 1.995 per ml,06/2023,1800-419-8900,consumer@product.in,Manufactured in India,MODERATE,COMPLIANT,100,NONE,0,None,None
LM-GEN-00008,BN8360,8903038051617,Lip Balm,Health,JR Manufacturing,"K-18, RIICO Industrial Area, Bhiwadi, Rajasthan - 301019",2g,g,MRP Rs. 1499 (Incl. of all taxes),1499,Rs. 749.5 per g,06/2022,1800-103-1234,support@company.in,,MODERATE,NON_COMPLIANT,85,LOW,1,LM-PC-008,Country of Origin declaration missing
LM-GEN-00009,BN7645,8909972921788,Drinking Water,Beverages,Pushpak Packaging Pvt. Ltd.,"Industrial Area Phase 1, Chandigarh - 160002",0.5l,l,MRP Rs. 399 (Incl. of all taxes),399,Rs. 798.0 per l,06/2023,1800-200-5678,care@brand.com,India,GOOD,COMPLIANT,100,NONE,0,None,None
LM-GEN-00010,BN6847,8908978782630,Toothbrush,Personal Care,GreenLeaf Agro Industries,"Survey No. 87, Rajkot Industrial Estate, Rajkot, Gujarat - 360002",2N,N,MRP Rs. 399 (Incl. of all taxes),399,Rs. 199.5 per N,12/2022,1800-419-8900,consumer@product.in,USA,POOR,COMPLIANT,100,NONE,0,None,None
LM-GEN-00011,BN6193,8903288862844,Tomato Ketchup,Condiments,Kerala Naturals Pvt. Ltd.,"SY 22/3, Edapally, Kochi, Kerala - 682024",500g,g,MRP Rs. 120 (Incl. of all taxes),120,Rs. 0.24 per g,07/2024,1800-103-1234,support@company.in,USA,MODERATE,COMPLIANT,100,NONE,0,None,None
LM-GEN-00012,BN1555,8901027641046,Cream Biscuits,Snacks & Bakery,Sunrise Foods Pvt. Ltd.,"Plot No. 14, MIDC Industrial Area, Pune, Maharashtra - 411026",50g,g,MRP Rs. 9.5 (Incl. of all taxes),9.5,Rs. 0.19 per g,06/2022,011-23456789,contact@firm.co.in,India,MODERATE,COMPLIANT,100,NONE,0,None,None
LM-GEN-00013,BN2650,8907494858567,Garam Masala,Snacks & Bakery,Prime Industries Ltd.,"Survey 45/A, Vatva GIDC, Ahmedabad, Gujarat - 382445",50g,g,MRP Rs. 350 (Incl. of all taxes),350,Rs. 7.0 per g,12/2023,1800-890-0011,help@business.co.in,,POOR,NON_COMPLIANT,85,LOW,1,LM-PC-008,Country of Origin declaration missing
LM-GEN-00014,BN1661,8901365613775,Full Cream Milk Powder,Dairy,,K-18,1000g,g,MRP Rs. 250 (Incl. of all taxes),250,Rs. 0.25 per g,05/2024,,,Bharat,GOOD,NON_COMPLIANT,55,HIGH,3,LM-PC-002; LM-PC-003; LM-PC-007,Manufacturer/packer name not declared | Incomplete address — PIN code / State missing | Consumer care helpline and email not provided
LM-GEN-00015,BN7126,8907137518521,Bathing Soap,Personal Care,,B-12,125g,g,MRP Rs. 750 (Incl. of all taxes),750,Rs. 6.0 per g,06/2022,,,India,POOR,NON_COMPLIANT,55,HIGH,3,LM-PC-002; LM-PC-003; LM-PC-007,Manufacturer/packer name not declared | Incomplete address — PIN code / State missing | Consumer care helpline and email not provided
LM-GEN-00016,BN5498,8907112392569,Fabric Softener,Household,MP Agro Industries,"Pologround Industrial Area, Indore, Madhya Pradesh - 452015",250ml,ml,MRP Rs. 299 (Incl. of all taxes),299,Rs. 1.196 per ml,08/2023,1800-572-3344,grievance@goods.in,Made in India,MODERATE,COMPLIANT,100,NONE,0,None,None
LM-GEN-00017,BN5322,8909411603028,Glucose Powder,Health,Evergreen Manufacturing Co.,"Phase II, Industrial Zone, Ludhiana, Punjab - 141010",200g,g,MRP Rs. 350 (Incl. of all taxes),350,Rs. 3.5 per g,03/2023,1800-103-1234,support@company.in,India,GOOD,COMPLIANT,100,NONE,0,None,None
LM-GEN-00018,BN2907,8909054925374,Chana Dal,Pulses,JR Manufacturing,"K-18, RIICO Industrial Area, Bhiwadi, Rajasthan - 301019",500g,g,MRP Rs. 450 (Incl. of all taxes),450,Rs. 225.0 per N,05/2023,1800-890-0011,help@business.co.in,India,GOOD,COMPLIANT,100,NONE,0,None,None
LM-GEN-00019,BN9526,8906661670408,Sunscreen Lotion,Personal Care,Agro Vision Industries,"Kumbargaon MIDC, Ahmednagar, Maharashtra - 414003",100ml,ml,MRP Rs. 30 (Incl. of all taxes),30,Rs. 0.3 per ml,09/2024,1800-103-1234,support@company.in,,GOOD,NON_COMPLIANT,85,LOW,1,LM-PC-008,Country of Origin declaration missing
LM-GEN-00020,BN8613,8902845548395,Body Lotion,Personal Care,GreenLeaf Agro Industries,"Survey No. 87, Rajkot Industrial Estate, Rajkot, Gujarat - 360002",200ml,ml,MRP Rs. 450 (Incl. of all taxes),450,Rs. 2.25 per ml,,1800-200-5678,care@brand.com,India,GOOD,NON_COMPLIANT,85,LOW,1,LM-PC-006,Month and year of manufacture / packing not declared
LM-GEN-00021,BN6062,8908348097760,Rock Salt,Staples,National Packaged Goods Ltd.,"B-12, Okhla Industrial Phase II, New Delhi - 110020",500g,g,MRP Rs. 299 (Incl. of all taxes),299,Rs. 2.99 per ml,05/2022,1800-572-3344,grievance@goods.in,China,GOOD,COMPLIANT,100,NONE,0,None,None
LM-GEN-00022,BN5676,8907880719101,Moong Dal,Pulses,Evergreen Manufacturing Co.,"Phase II, Industrial Zone, Ludhiana, Punjab - 141010",1000g,g,MRP Rs. 75 (Incl. of all taxes),75,Rs. 0.075 per g,05/2022,011-23456789,contact@firm.co.in,India,GOOD,COMPLIANT,100,NONE,0,None,None
LM-GEN-00023,BN6262,8906222362124,Coriander Powder,Spices,Star FMCG Corporation,"Sector 63, NOIDA, Uttar Pradesh - 201301",200g,g,MRP Rs. 150 (Incl. of all taxes),150,Rs. 0.75 per g,04/2022,1800-419-8900,consumer@product.in,China,GOOD,COMPLIANT,100,NONE,0,None,None
LM-GEN-00024,BN6954,8907915505044,Wheat Flour (Atta),Staples,Hindustan Consumer Goods,"Andheri East, MIDC, Mumbai, Maharashtra - 400093",2.5kg,kg,MRP Rs. 30 (Incl. of all taxes),30,Rs. 12.0 per kg,09/2024,,,,POOR,NON_COMPLIANT,70,MEDIUM,2,LM-PC-008; LM-PC-007,Country of Origin declaration missing | Consumer care helpline and email not provided
LM-GEN-00025,BN8644,8904457185027,Instant Noodles,Snacks & Bakery,Agro Vision Industries,"Kumbargaon MIDC, Ahmednagar, Maharashtra - 414003",70g,g,MRP Rs. 25 (Incl. of all taxes),25,Rs. 0.5556 per ml,05/2023,011-23456789,contact@firm.co.in,India,GOOD,COMPLIANT,100,NONE,0,None,None
LM-GEN-00026,BN9092,8907515841850,Moisturizing Cream,Personal Care,Sunrise Foods Pvt. Ltd.,"Plot No. 14, MIDC Industrial Area, Pune, Maharashtra - 411026",100ml,ml,MRP Rs. 550 (Incl. of all taxes),550,Rs. 5.5 per ml,03/2023,1800-419-8900,consumer@product.in,India,GOOD,COMPLIANT,100,NONE,0,None,None
LM-GEN-00027,BN1567,8905154995083,Chana Dal,Health,,"No. 34, Anna Salai, Chennai, Tamil Nadu - 600002",1000g,g,MRP Rs. 650 (Incl. of all taxes),650,Rs. 0.65 per g,08/2024,011-23456789,contact@firm.co.in,Bharat,POOR,NON_COMPLIANT,85,LOW,1,LM-PC-002,Manufacturer/packer name not declared
LM-GEN-00028,BN1756,8909182263243,Curd (Dahi),Agriculture,,"Near Water Tank, Sikar Road, Jaipur, Rajasthan - 302023",400g,g,MRP Rs. 9.5 (Incl. of all taxes),9.5,Rs. 0.0238 per g,09/2024,1800-103-1234,support@company.in,India,MODERATE,NON_COMPLIANT,85,LOW,1,LM-PC-002,Manufacturer/packer name not declared
LM-GEN-00029,BN2078,8904548241271,Sugar,Spices,Kerala Naturals Pvt. Ltd.,"SY 22/3, Edapally, Kochi, Kerala - 682024",1kg,kg,MRP Rs. 999 (Incl. of all taxes),999,Rs. 999.0 per kg,10/2023,1800-200-5678,care@brand.com,India,POOR,NON_COMPLIANT,92,LOW,1,LM-PC-010,Label text readability below minimum statutory requirement (Rule 7)
LM-GEN-00030,BN4331,8907480432502,,Personal Care,GreenLeaf Agro Industries,"Survey No. 87, Rajkot Industrial Estate, Rajkot, Gujarat - 360002",200ml,ml,MRP Rs. 75,75,Rs. 0.375 per ml,08/2022,1800-419-8900,consumer@product.in,Manufactured in India,GOOD,NON_COMPLIANT,50,HIGH,2,LM-PC-001; LM-PC-005,Missing product/commodity name on label | MRP missing mandatory phrase 'inclusive of all taxes'
LM-GEN-00031,BN1501,8909311028018,Hybrid Tomato Seeds,Agriculture,Apex Consumer Products,"No. 7, 3rd Cross, Peenya Industrial Area, Bengaluru, Karnataka - 560058",20g,g,MRP Rs. 20 (Incl. of all taxes),20,Rs. 1.0 per g,05/2022,011-23456789,contact@firm.co.in,China,MODERATE,COMPLIANT,100,NONE,0,None,None
LM-GEN-00032,BN9207,8906108422960,Fabric Softener,Household,Royal Produce Pvt. Ltd.,NH-44 Bypass Road,500ml,ml,MRP Rs. 350 (Incl. of all taxes),350,Rs. 0.7 per ml,08/2023,,,Made in India,GOOD,NON_COMPLIANT,70,MEDIUM,2,LM-PC-003; LM-PC-007,Incomplete address — PIN code / State missing | Consumer care helpline and email not provided
LM-GEN-00033,BN8285,8907726804155,Fabric Softener,Household,Evergreen Manufacturing Co.,"Phase II, Industrial Zone, Ludhiana, Punjab - 141010",1000Gms,Gms,MRP Rs. 499 (Incl. of all taxes),499,,02/2024,1800-200-5678,care@brand.com,USA,GOOD,NON_COMPLIANT,67,MEDIUM,2,LM-PC-004; LM-PC-009,Non-standard unit 'Gms' used (must be SI: g/kg/ml/l/N/m) | Unit Sale Price (USP) not declared
LM-GEN-00034,BN3943,8903281705089,Tea Bags,Condiments,Apex Consumer Products,No. 7,200g,g,MRP Rs. 750 (Incl. of all taxes),750,Rs. 3.75 per g,08/2023,1800-890-0011,help@business.co.in,India,GOOD,NON_COMPLIANT,85,LOW,1,LM-PC-003,Incomplete address — PIN code / State missing
LM-GEN-00035,BN1789,8906104694451,Namkeen Mix,Snacks & Bakery,GreenLeaf Agro Industries,"Survey No. 87, Rajkot Industrial Estate, Rajkot, Gujarat - 360002",250g,g,MRP Rs. 650 (Incl. of all taxes),650,Rs. 18.5714 per g,07/2023,1800-200-5678,care@brand.com,USA,GOOD,COMPLIANT,100,NONE,0,None,None
LM-GEN-00036,BN7948,8906607345686,Chana Dal,Pulses,Royal Produce Pvt. Ltd.,"NH-44 Bypass Road, Hyderabad, Telangana - 500072",1000g,g,MRP Rs. 850 (Incl. of all taxes),850,Rs. 0.85 per g,10/2023,011-23456789,contact@firm.co.in,India,GOOD,COMPLIANT,100,NONE,0,None,None
LM-GEN-00037,BN1735,8905287611629,Paneer,Beverages,Agro Vision Industries,"Kumbargaon MIDC, Ahmednagar, Maharashtra - 414003",400g,g,MRP Rs. 75 (Incl. of all taxes),75,Rs. 0.1875 per g,07/2024,1800-419-8900,consumer@product.in,,POOR,NON_COMPLIANT,85,LOW,1,LM-PC-008,Country of Origin declaration missing
LM-GEN-00038,BN7507,8904074638651,Lip Balm,Personal Care,Royal Produce Pvt. Ltd.,"NH-44 Bypass Road, Hyderabad, Telangana - 500072",8g,g,MRP Rs. 35 (Incl. of all taxes),35,Rs. 4.375 per g,,1800-200-5678,care@brand.com,India,MODERATE,NON_COMPLIANT,85,LOW,1,LM-PC-006,Month and year of manufacture / packing not declared
LM-GEN-00039,BN4461,8902240774183,Fertilizer (NPK),Condiments,Bharat Organic Farms,"Village Narsingpur, Tehsil Harda, Madhya Pradesh - 461331",0.5kg,kg,MRP Rs. 1499 (Incl. of all taxes),1499,Rs. 2998.0 per kg,06/2023,1800-572-3344,grievance@goods.in,USA,POOR,NON_COMPLIANT,92,LOW,1,LM-PC-010,Label text readability below minimum statutory requirement (Rule 7)
LM-GEN-00040,BN1232,8908822691155,Pickle (Achar),Condiments,Sunrise Foods Pvt. Ltd.,Plot No. 14,400g,g,MRP Rs. 550 (Incl. of all taxes),550,Rs. 1.375 per g,07/2023,1800-103-1234,support@company.in,India,MODERATE,NON_COMPLIANT,85,LOW,1,LM-PC-003,Incomplete address — PIN code / State missing
LM-GEN-00041,BN5323,8905039382063,Rock Salt,Staples,Disha Exports & Imports,"No. 34, Anna Salai, Chennai, Tamil Nadu - 600002",250g,g,MRP Rs. 299,299,,11/2023,1800-123-7890,info@pack.in,India,GOOD,NON_COMPLIANT,67,MEDIUM,2,LM-PC-005; LM-PC-009,MRP missing mandatory phrase 'inclusive of all taxes' | Unit Sale Price (USP) not declared
LM-GEN-00042,BN8724,8902077847711,Body Lotion,Personal Care,Bengal Foods International,"Park Circus, Kolkata, West Bengal - 700017",400ml,ml,MRP Rs. 120 (Incl. of all taxes),120,,01/2022,1800-103-1234,support@company.in,,POOR,NON_COMPLIANT,77,MEDIUM,2,LM-PC-009; LM-PC-008,Unit Sale Price (USP) not declared | Country of Origin declaration missing
LM-GEN-00043,BN1091,8905665994333,Notebook,Stationery,JR Manufacturing,"K-18, RIICO Industrial Area, Bhiwadi, Rajasthan - 301019",2N,N,MRP Rs. 150 (Incl. of all taxes),150,Rs. 75.0 per N,05/2023,1800-103-1234,support@company.in,India,POOR,COMPLIANT,100,NONE,0,None,None
LM-GEN-00044,BN5952,8908593820612,,Spices,Bengal Foods International,"Park Circus, Kolkata, West Bengal - 700017",200g,g,MRP Rs. 9.5,9.5,Rs. 0.0475 per g,05/2022,1800-123-7890,info@pack.in,,GOOD,NON_COMPLIANT,35,CRITICAL,3,LM-PC-005; LM-PC-001; LM-PC-008,MRP missing mandatory phrase 'inclusive of all taxes' | Missing product/commodity name on label | Country of Origin declaration missing
LM-GEN-00045,BN4468,8906140467302,,Stationery,,"Sector 63, NOIDA, Uttar Pradesh - 201301",12.5m,m,MRP Rs. 120 (Incl. of all taxes),120,Rs. 9.6 per m,04/2024,1800-419-8900,consumer@product.in,India,POOR,NON_COMPLIANT,60,MEDIUM,2,LM-PC-001; LM-PC-002,Missing product/commodity name on label | Manufacturer/packer name not declared
LM-GEN-00046,BN2769,8909429917148,Detergent Powder,Household,Sunrise Foods Pvt. Ltd.,"Plot No. 14, MIDC Industrial Area, Pune, Maharashtra - 411026",0.5kg,kg,MRP Rs. 25,25,Rs. 50.0 per kg,03/2022,1800-200-5678,care@brand.com,India,GOOD,NON_COMPLIANT,75,MEDIUM,1,LM-PC-005,MRP missing mandatory phrase 'inclusive of all taxes'
LM-GEN-00047,BN1355,8907054444455,Detergent Powder,Household,Hindustan Consumer Goods,"Andheri East, MIDC, Mumbai, Maharashtra - 400093",1kg,kg,MRP Rs. 200 (Incl. of all taxes),200,Rs. 0.5 per g,02/2023,1800-419-8900,consumer@product.in,Germany,GOOD,COMPLIANT,100,NONE,0,None,None
LM-GEN-00048,BN5550,8902606686179,Shampoo,Personal Care,,"Pologround Industrial Area, Indore, Madhya Pradesh - 452015",400kilos,kilos,MRP Rs. 1199 (Incl. of all taxes),1199,Rs. 2.9975 per ml,02/2022,1800-123-7890,info@pack.in,Germany,GOOD,NON_COMPLIANT,60,MEDIUM,2,LM-PC-004; LM-PC-002,Non-standard unit 'kilos' used (must be SI: g/kg/ml/l/N/m) | Manufacturer/packer name not declared
LM-GEN-00049,BN4875,8906313874892,Refined Sunflower Oil,Edible Oil,Hindustan Consumer Goods,"Andheri East, MIDC, Mumbai, Maharashtra - 400093",1l,l,MRP Rs. 299 (Incl. of all taxes),299,Rs. 299.0 per l,09/2022,1800-200-5678,care@brand.com,India,MODERATE,COMPLIANT,100,NONE,0,None,None
LM-GEN-00050,BN6216,8905697749064,Pesticide Spray,Dairy,Sunrise Foods Pvt. Ltd.,"Plot No. 14, MIDC Industrial Area, Pune, Maharashtra - 411026",250ml,ml,MRP Rs. 650 (Incl. of all taxes),650,Rs. 2.6 per ml,05/2024,,,Made in India,GOOD,NON_COMPLIANT,85,LOW,1,LM-PC-007,Consumer care helpline and email not provided
LM-GEN-00051,BN1082,8901521783708,Moisturizing Cream,Beverages,Hindustan Consumer Goods,Andheri East,100ml,ml,MRP Rs. 30 (Incl. of all taxes),30,Rs. 0.3 per ml,01/2023,1800-103-1234,support@company.in,Bharat,MODERATE,NON_COMPLIANT,85,LOW,1,LM-PC-003,Incomplete address — PIN code / State missing
LM-GEN-00052,BN8223,8904408257585,Eraser,Stationery,Disha Exports & Imports,No. 34,20N,N,MRP Rs. 250 (Incl. of all taxes),250,Rs. 12.5 per N,,011-23456789,contact@firm.co.in,Germany,GOOD,NON_COMPLIANT,70,MEDIUM,2,LM-PC-006; LM-PC-003,Month and year of manufacture / packing not declared | Incomplete address — PIN code / State missing
LM-GEN-00053,BN1835,8905450162577,Sugar,Staples,Agro Vision Industries,"Kumbargaon MIDC, Ahmednagar, Maharashtra - 414003",2Gms,Gms,MRP Rs. 399,399,Rs. 199.5 per kg,08/2022,1800-419-8900,consumer@product.in,India,POOR,NON_COMPLIANT,50,HIGH,2,LM-PC-004; LM-PC-005,Non-standard unit 'Gms' used (must be SI: g/kg/ml/l/N/m) | MRP missing mandatory phrase 'inclusive of all taxes'
LM-GEN-00054,BN6936,8906267916236,Dish Wash Bar,Household,Evergreen Manufacturing Co.,"Phase II, Industrial Zone, Ludhiana, Punjab - 141010",125g,g,MRP Rs. 50 (Incl. of all taxes),50,Rs. 0.4 per g,01/2023,1800-572-3344,grievance@goods.in,Made in India,GOOD,COMPLIANT,100,NONE,0,None,None
LM-GEN-00055,BN8526,8908972179885,,Condiments,Prime Industries Ltd.,"Survey 45/A, Vatva GIDC, Ahmedabad, Gujarat - 382445",10N,N,MRP Rs. 999 (Incl. of all taxes),999,Rs. 99.9 per N,03/2023,1800-419-8900,consumer@product.in,India,MODERATE,NON_COMPLIANT,75,MEDIUM,1,LM-PC-001,Missing product/commodity name on label
LM-GEN-00056,BN3534,8903530165180,Eraser,Stationery,,"Plot No. 14, MIDC Industrial Area, Pune, Maharashtra - 411026",10Ltr,Ltr,MRP Rs. 1499 (Incl. of all taxes),1499,Rs. 149.9 per N,,1800-103-1234,support@company.in,India,POOR,NON_COMPLIANT,37,CRITICAL,4,LM-PC-004; LM-PC-006; LM-PC-002; LM-PC-010,Non-standard unit 'Ltr' used (must be SI: g/kg/ml/l/N/m) | Month and year of manufacture / packing not declared | Manufacturer/packer name not declared | Label text readability below minimum statutory requirement (Rule 7)
LM-GEN-00057,BN9243,8904497065170,Cow Ghee,Dairy,Sunrise Foods Pvt. Ltd.,"Plot No. 14, MIDC Industrial Area, Pune, Maharashtra - 411026",500g,g,MRP Rs. 499 (Incl. of all taxes),499,Rs. 0.998 per g,07/2023,1800-200-5678,care@brand.com,Made in India,GOOD,COMPLIANT,100,NONE,0,None,None
LM-GEN-00058,BN6786,8903995617381,Bathing Soap,Personal Care,,"Andheri East, MIDC, Mumbai, Maharashtra - 400093",125g,g,MRP Rs. 20 (Incl. of all taxes),20,Rs. 0.16 per g,,1800-103-1234,support@company.in,India,POOR,NON_COMPLIANT,70,MEDIUM,2,LM-PC-006; LM-PC-002,Month and year of manufacture / packing not declared | Manufacturer/packer name not declared
LM-GEN-00059,BN2606,8902931252818,Wheat Flour (Atta),Staples,Evergreen Manufacturing Co.,"Phase II, Industrial Zone, Ludhiana, Punjab - 141010",5kg,kg,MRP Rs. 120 (Incl. of all taxes),120,Rs. 0.48 per ml,04/2024,1800-103-1234,support@company.in,Germany,GOOD,COMPLIANT,100,NONE,0,None,None
LM-GEN-00060,BN9513,8904552778580,Extra Virgin Olive Oil,Edible Oil,Odisha Produce Ltd.,"Chandaka Industrial Estate, Bhubaneswar, Odisha - 751024",500ml,ml,MRP Rs. 99 (Incl. of all taxes),99,Rs. 0.198 per ml,,1800-103-1234,support@company.in,India,POOR,NON_COMPLIANT,77,MEDIUM,2,LM-PC-006; LM-PC-010,Month and year of manufacture / packing not declared | Label text readability below minimum statutory requirement (Rule 7)
LM-GEN-00061,BN5881,8908887355508,Refined Sunflower Oil,Pulses,TechPack Solutions,"EPIP Zone, Whitefield, Bengaluru, Karnataka - 560066",2kilos,kilos,MRP Rs. 399 (Incl. of all taxes),399,Rs. 199.5 per l,12/2022,1800-419-8900,consumer@product.in,Bangladesh,GOOD,NON_COMPLIANT,75,MEDIUM,1,LM-PC-004,Non-standard unit 'kilos' used (must be SI: g/kg/ml/l/N/m)
LM-GEN-00062,BN6216,8901576902591,Talcum Powder,Personal Care,,"Pologround Industrial Area, Indore, Madhya Pradesh - 452015",400g,g,MRP Rs. 9.5 (Incl. of all taxes),9.5,Rs. 0.0238 per g,06/2022,1800-890-0011,help@business.co.in,Germany,GOOD,NON_COMPLIANT,85,LOW,1,LM-PC-002,Manufacturer/packer name not declared
LM-GEN-00063,BN7984,8906979630195,Body Lotion,Personal Care,National Packaged Goods Ltd.,"B-12, Okhla Industrial Phase II, New Delhi - 110020",200ml,ml,MRP Rs. 75 (Incl. of all taxes),75,,10/2023,011-23456789,contact@firm.co.in,Bharat,GOOD,NON_COMPLIANT,92,LOW,1,LM-PC-009,Unit Sale Price (USP) not declared
LM-GEN-00064,BN2744,8909485511171,Face Wash,Condiments,Shree Ganesh Processors,"Near Water Tank, Sikar Road, Jaipur, Rajasthan - 302023",100ml,ml,MRP Rs. 550,550,Rs. 5.5 per ml,01/2023,011-23456789,contact@firm.co.in,Manufactured in India,MODERATE,NON_COMPLIANT,75,MEDIUM,1,LM-PC-005,MRP missing mandatory phrase 'inclusive of all taxes'
LM-GEN-00065,BN1207,8903760360583,Turmeric Powder,Spices,TechPack Solutions,EPIP Zone,200lts,lts,MRP Rs. 9.5 (Incl. of all taxes),9.5,Rs. 0.0475 per g,07/2023,1800-419-8900,consumer@product.in,Bangladesh,POOR,NON_COMPLIANT,52,HIGH,3,LM-PC-010; LM-PC-004; LM-PC-003,Label text readability below minimum statutory requirement (Rule 7) | Non-standard unit 'lts' used (must be SI: g/kg/ml/l/N/m) | Incomplete address — PIN code / State missing
LM-GEN-00066,BN6445,8908999885208,Mosquito Repellent Liquid,Household,Bharat Organic Farms,"Village Narsingpur, Tehsil Harda, Madhya Pradesh - 461331",90ml,ml,MRP Rs. 75,75,,07/2024,1800-103-1234,support@company.in,,POOR,NON_COMPLIANT,44,HIGH,4,LM-PC-005; LM-PC-008; LM-PC-009; LM-PC-010,MRP missing mandatory phrase 'inclusive of all taxes' | Country of Origin declaration missing | Unit Sale Price (USP) not declared | Label text readability below minimum statutory requirement (Rule 7)
LM-GEN-00067,BN1469,8902318240439,Extra Virgin Olive Oil,Edible Oil,Disha Exports & Imports,No. 34,250ml,ml,MRP Rs. 250 (Incl. of all taxes),250,Rs. 1.0 per ml,06/2023,1800-200-5678,care@brand.com,India,GOOD,NON_COMPLIANT,85,LOW,1,LM-PC-003,Incomplete address — PIN code / State missing
LM-GEN-00068,BN1062,8904620724000,Turmeric Powder,Spices,Apex Consumer Products,No. 7,400g,g,MRP Rs. 450 (Incl. of all taxes),450,Rs. 1.125 per g,12/2022,1800-419-8900,consumer@product.in,Germany,MODERATE,NON_COMPLIANT,85,LOW,1,LM-PC-003,Incomplete address — PIN code / State missing
LM-GEN-00069,BN3845,8909946780783,Instant Coffee,Beverages,Hindustan Consumer Goods,"Andheri East, MIDC, Mumbai, Maharashtra - 400093",25g,g,MRP Rs. 75 (Incl. of all taxes),75,Rs. 3.0 per g,01/2024,1800-123-7890,info@pack.in,India,MODERATE,COMPLIANT,100,NONE,0,None,None
LM-GEN-00070,BN4111,8906714442520,Pesticide Spray,Agriculture,MP Agro Industries,"Pologround Industrial Area, Indore, Madhya Pradesh - 452015",500ml,ml,MRP Rs. 200 (Incl. of all taxes),200,Rs. 0.4 per ml,03/2024,1800-103-1234,support@company.in,China,GOOD,COMPLIANT,100,NONE,0,None,None
LM-GEN-00071,BN3099,8907732976411,Body Lotion,Personal Care,Apex Consumer Products,"No. 7, 3rd Cross, Peenya Industrial Area, Bengaluru, Karnataka - 560058",400ml,ml,MRP Rs. 200 (Incl. of all taxes),200,Rs. 0.5 per ml,,1800-103-1234,support@company.in,Bharat,GOOD,NON_COMPLIANT,85,LOW,1,LM-PC-006,Month and year of manufacture / packing not declared
LM-GEN-00072,BN8569,8901647442154,Multivitamin Tablets,Pulses,Apex Consumer Products,"No. 7, 3rd Cross, Peenya Industrial Area, Bengaluru, Karnataka - 560058",30N,N,MRP Rs. 99 (Incl. of all taxes),99,Rs. 3.3 per N,,1800-123-7890,info@pack.in,India,GOOD,NON_COMPLIANT,85,LOW,1,LM-PC-006,Month and year of manufacture / packing not declared
LM-GEN-00073,BN2592,8905243397003,Butter,Dairy,Agro Vision Industries,"Kumbargaon MIDC, Ahmednagar, Maharashtra - 414003",100g,g,MRP Rs. 75 (Incl. of all taxes),75,Rs. 0.75 per g,12/2023,1800-890-0011,help@business.co.in,Bharat,POOR,COMPLIANT,100,NONE,0,None,None
LM-GEN-00074,BN9422,8908816253492,Multivitamin Tablets,Health,MP Agro Industries,"Pologround Industrial Area, Indore, Madhya Pradesh - 452015",60N,N,MRP Rs. 650 (Incl. of all taxes),650,Rs. 18.5714 per g,06/2024,1800-103-1234,support@company.in,India,MODERATE,COMPLIANT,100,NONE,0,None,None
LM-GEN-00075,BN3848,8909653644462,Coriander Powder,Staples,Pushpak Packaging Pvt. Ltd.,"Industrial Area Phase 1, Chandigarh - 160002",50g,g,MRP Rs. 499 (Incl. of all taxes),499,,01/2022,1800-890-0011,help@business.co.in,India,MODERATE,NON_COMPLIANT,92,LOW,1,LM-PC-009,Unit Sale Price (USP) not declared
LM-GEN-00076,BN6776,8907189309708,Rock Salt,Staples,Prime Industries Ltd.,"Survey 45/A, Vatva GIDC, Ahmedabad, Gujarat - 382445",1000g,g,MRP Rs. 999 (Incl. of all taxes),999,Rs. 0.999 per g,05/2024,1800-103-1234,support@company.in,China,MODERATE,COMPLIANT,100,NONE,0,None,None
LM-GEN-00077,BN1513,8905477247402,Instant Noodles,Snacks & Bakery,TechPack Solutions,"EPIP Zone, Whitefield, Bengaluru, Karnataka - 560066",70g,g,MRP Rs. 299,299,Rs. 4.2714 per g,,1800-103-1234,support@company.in,India,POOR,NON_COMPLIANT,60,MEDIUM,2,LM-PC-005; LM-PC-006,MRP missing mandatory phrase 'inclusive of all taxes' | Month and year of manufacture / packing not declared
LM-GEN-00078,BN4709,8906559797970,Rock Salt,Staples,Royal Produce Pvt. Ltd.,"NH-44 Bypass Road, Hyderabad, Telangana - 500072",250g,g,MRP Rs. 399 (Incl. of all taxes),399,Rs. 1.596 per g,04/2023,1800-103-1234,support@company.in,Made in India,GOOD,COMPLIANT,100,NONE,0,None,None
LM-GEN-00079,BN6373,8903971987276,Extra Virgin Olive Oil,Edible Oil,TechPack Solutions,"EPIP Zone, Whitefield, Bengaluru, Karnataka - 560066",125ml,ml,MRP Rs. 9.5 (Incl. of all taxes),9.5,Rs. 0.076 per ml,01/2022,1800-890-0011,help@business.co.in,India,POOR,COMPLIANT,100,NONE,0,None,None
LM-GEN-00080,BN2635,8905819032780,,Snacks & Bakery,,"Andheri East, MIDC, Mumbai, Maharashtra - 400093",140g,g,MRP Rs. 650 (Incl. of all taxes),650,Rs. 4.6429 per g,,,,India,GOOD,NON_COMPLIANT,30,CRITICAL,4,LM-PC-001; LM-PC-002; LM-PC-006; LM-PC-007,Missing product/commodity name on label | Manufacturer/packer name not declared | Month and year of manufacture / packing not declared | Consumer care helpline and email not provided
LM-GEN-00081,BN5760,8909085564418,Cow Ghee,Dairy,GreenLeaf Agro Industries,"Survey No. 87, Rajkot Industrial Estate, Rajkot, Gujarat - 360002",1000g,g,MRP Rs. 450 (Incl. of all taxes),450,Rs. 0.45 per g,04/2024,1800-123-7890,info@pack.in,India,GOOD,COMPLIANT,100,NONE,0,None,None
LM-GEN-00082,BN4363,8905551923804,,Dairy,,"Survey No. 87, Rajkot Industrial Estate, Rajkot, Gujarat - 360002",100g,g,MRP Rs. 550 (Incl. of all taxes),550,Rs. 5.5 per g,,,,India,GOOD,NON_COMPLIANT,30,CRITICAL,4,LM-PC-001; LM-PC-002; LM-PC-006; LM-PC-007,Missing product/commodity name on label | Manufacturer/packer name not declared | Month and year of manufacture / packing not declared | Consumer care helpline and email not provided
LM-GEN-00083,BN8766,8901001071330,Coriander Powder,Spices,Prime Industries Ltd.,"Survey 45/A, Vatva GIDC, Ahmedabad, Gujarat - 382445",100g,g,MRP Rs. 450 (Incl. of all taxes),450,Rs. 4.5 per g,05/2024,1800-890-0011,help@business.co.in,Made in India,GOOD,COMPLIANT,100,NONE,0,None,None
LM-GEN-00084,BN4869,8904484356951,Notebook,Stationery,GreenLeaf Agro Industries,"Survey No. 87, Rajkot Industrial Estate, Rajkot, Gujarat - 360002",0.5N,N,MRP Rs. 450,450,Rs. 900.0 per N,03/2024,1800-103-1234,support@company.in,India,GOOD,NON_COMPLIANT,75,MEDIUM,1,LM-PC-005,MRP missing mandatory phrase 'inclusive of all taxes'
LM-GEN-00085,BN6425,8902283470907,Pen (Ball Point),Stationery,TechPack Solutions,"EPIP Zone, Whitefield, Bengaluru, Karnataka - 560066",5kilos,kilos,MRP Rs. 499 (Incl. of all taxes),499,,09/2023,1800-123-7890,info@pack.in,Bangladesh,GOOD,NON_COMPLIANT,67,MEDIUM,2,LM-PC-004; LM-PC-009,Non-standard unit 'kilos' used (must be SI: g/kg/ml/l/N/m) | Unit Sale Price (USP) not declared
LM-GEN-00086,BN7149,8904792067261,Red Chilli Powder,Spices,,Park Circus,100g,g,MRP Rs. 120 (Incl. of all taxes),120,Rs. 1.2 per g,09/2023,,,Bangladesh,POOR,NON_COMPLIANT,55,HIGH,3,LM-PC-002; LM-PC-003; LM-PC-007,Manufacturer/packer name not declared | Incomplete address — PIN code / State missing | Consumer care helpline and email not provided
LM-GEN-00087,BN5146,8909736192455,Digestive Tablets,Pulses,Evergreen Manufacturing Co.,"Phase II, Industrial Zone, Ludhiana, Punjab - 141010",15N,N,MRP Rs. 399,399,Rs. 26.6 per N,03/2023,011-23456789,contact@firm.co.in,Germany,MODERATE,NON_COMPLIANT,75,MEDIUM,1,LM-PC-005,MRP missing mandatory phrase 'inclusive of all taxes'
LM-GEN-00088,BN3801,8902080449597,Sugar,Staples,Disha Exports & Imports,"No. 34, Anna Salai, Chennai, Tamil Nadu - 600002",2kg,kg,MRP Rs. 75 (Incl. of all taxes),75,Rs. 37.5 per kg,11/2023,1800-890-0011,help@business.co.in,,POOR,NON_COMPLIANT,85,LOW,1,LM-PC-008,Country of Origin declaration missing
LM-GEN-00089,BN4973,8902718152512,Namkeen Mix,Pulses,,"NH-44 Bypass Road, Hyderabad, Telangana - 500072",500g,g,MRP Rs. 299 (Incl. of all taxes),299,Rs. 0.598 per g,12/2023,1800-890-0011,help@business.co.in,India,GOOD,NON_COMPLIANT,85,LOW,1,LM-PC-002,Manufacturer/packer name not declared
LM-GEN-00090,BN8043,8909738417459,Paneer,Dairy,Bengal Foods International,Park Circus,200g,g,MRP Rs. 150 (Incl. of all taxes),150,Rs. 0.75 per g,06/2022,,,Manufactured in India,GOOD,NON_COMPLIANT,70,MEDIUM,2,LM-PC-003; LM-PC-007,Incomplete address — PIN code / State missing | Consumer care helpline and email not provided
LM-GEN-00091,BN1415,8907996064575,Fruit Juice (Tetra Pack),Beverages,Agro Vision Industries,"Kumbargaon MIDC, Ahmednagar, Maharashtra - 414003",400kilos,kilos,MRP Rs. 150 (Incl. of all taxes),150,,,1800-200-5678,care@brand.com,India,GOOD,NON_COMPLIANT,52,HIGH,3,LM-PC-004; LM-PC-006; LM-PC-009,Non-standard unit 'kilos' used (must be SI: g/kg/ml/l/N/m) | Month and year of manufacture / packing not declared | Unit Sale Price (USP) not declared
LM-GEN-00092,BN6057,8906360770924,Shampoo,Personal Care,Sunrise Foods Pvt. Ltd.,"Plot No. 14, MIDC Industrial Area, Pune, Maharashtra - 411026",200ml,ml,MRP Rs. 75 (Incl. of all taxes),75,Rs. 0.375 per ml,01/2024,1800-890-0011,help@business.co.in,India,GOOD,COMPLIANT,100,NONE,0,None,None
LM-GEN-00093,BN6658,8903146579354,Shaving Cream,Personal Care,Agro Vision Industries,"Kumbargaon MIDC, Ahmednagar, Maharashtra - 414003",140g,g,MRP Rs. 200 (Incl. of all taxes),200,Rs. 1.4286 per g,03/2022,1800-572-3344,grievance@goods.in,India,MODERATE,COMPLIANT,100,NONE,0,None,None
LM-GEN-00094,BN7826,8904237174788,Liquid Detergent,Household,Agro Vision Industries,"Kumbargaon MIDC, Ahmednagar, Maharashtra - 414003",250GMS,GMS,MRP Rs. 650 (Incl. of all taxes),650,Rs. 2.6 per ml,08/2023,1800-103-1234,support@company.in,India,GOOD,NON_COMPLIANT,75,MEDIUM,1,LM-PC-004,Non-standard unit 'GMS' used (must be SI: g/kg/ml/l/N/m)
LM-GEN-00095,BN4272,8901491857257,Hair Conditioner,Personal Care,Prime Industries Ltd.,"Survey 45/A, Vatva GIDC, Ahmedabad, Gujarat - 382445",175ml,ml,MRP Rs. 99 (Incl. of all taxes),99,Rs. 0.5657 per ml,05/2023,1800-123-7890,info@pack.in,India,MODERATE,COMPLIANT,100,NONE,0,None,None
LM-GEN-00096,BN1048,8908273992599,Tea Bags,Beverages,Kerala Naturals Pvt. Ltd.,"SY 22/3, Edapally, Kochi, Kerala - 682024",50Gms,Gms,MRP Rs. 1499,1499,Rs. 29.98 per g,12/2022,1800-123-7890,info@pack.in,India,GOOD,NON_COMPLIANT,50,HIGH,2,LM-PC-004; LM-PC-005,Non-standard unit 'Gms' used (must be SI: g/kg/ml/l/N/m) | MRP missing mandatory phrase 'inclusive of all taxes'
LM-GEN-00097,BN8690,8909582277738,Refined Sunflower Oil,Edible Oil,Evergreen Manufacturing Co.,"Phase II, Industrial Zone, Ludhiana, Punjab - 141010",1l,l,MRP Rs. 299 (Incl. of all taxes),299,Rs. 0.7475 per ml,11/2023,1800-123-7890,info@pack.in,India,MODERATE,COMPLIANT,100,NONE,0,None,None
LM-GEN-00098,BN9000,8909088541620,Eraser,Stationery,Agro Vision Industries,"Kumbargaon MIDC, Ahmednagar, Maharashtra - 414003",10N,N,MRP Rs. 350 (Incl. of all taxes),350,Rs. 3.8889 per ml,09/2022,1800-419-8900,consumer@product.in,Made in India,GOOD,COMPLIANT,100,NONE,0,None,None
LM-GEN-00099,BN1035,8908944592844,Plain Biscuits,Snacks & Bakery,Hindustan Consumer Goods,"Andheri East, MIDC, Mumbai, Maharashtra - 400093",100g,g,MRP Rs. 750 (Incl. of all taxes),750,Rs. 7.5 per g,07/2022,1800-200-5678,care@brand.com,India,GOOD,COMPLIANT,100,NONE,0,None,None
LM-GEN-00100,BN6327,8904501742189,Extra Virgin Olive Oil,Edible Oil,Sunrise Foods Pvt. Ltd.,"Plot No. 14, MIDC Industrial Area, Pune, Maharashtra - 411026",125Kgs,Kgs,MRP Rs. 75 (Incl. of all taxes),75,,,1800-419-8900,consumer@product.in,China,GOOD,NON_COMPLIANT,52,HIGH,3,LM-PC-004; LM-PC-006; LM-PC-009,Non-standard unit 'Kgs' used (must be SI: g/kg/ml/l/N/m) | Month and year of manufacture / packing not declared | Unit Sale Price (USP) not declared
LM-GEN-00101,BN7684,8905411725007,Honey,Condiments,Prime Industries Ltd.,"Survey 45/A, Vatva GIDC, Ahmedabad, Gujarat - 382445",250g,g,MRP Rs. 650 (Incl. of all taxes),650,Rs. 3.25 per g,12/2022,1800-200-5678,care@brand.com,India,GOOD,COMPLIANT,100,NONE,0,None,None
LM-GEN-00102,BN7082,8902553374349,Cumin Seeds,Spices,Hindustan Consumer Goods,"Andheri East, MIDC, Mumbai, Maharashtra - 400093",100g,g,MRP Rs. 20 (Incl. of all taxes),20,Rs. 0.2 per g,,1800-103-1234,support@company.in,USA,POOR,NON_COMPLIANT,77,MEDIUM,2,LM-PC-006; LM-PC-010,Month and year of manufacture / packing not declared | Label text readability below minimum statutory requirement (Rule 7)
LM-GEN-00103,BN2860,8903381699869,Basmati Rice,Staples,Agro Vision Industries,"Kumbargaon MIDC, Ahmednagar, Maharashtra - 414003",1kg,kg,MRP Rs. 15 (Incl. of all taxes),15,,12/2022,,,China,POOR,NON_COMPLIANT,77,MEDIUM,2,LM-PC-007; LM-PC-009,Consumer care helpline and email not provided | Unit Sale Price (USP) not declared
LM-GEN-00104,BN1746,8904314832141,Eraser,Stationery,Shree Ganesh Processors,"Near Water Tank, Sikar Road, Jaipur, Rajasthan - 302023",10N,N,MRP Rs. 250 (Incl. of all taxes),250,Rs. 25.0 per N,10/2023,1800-419-8900,consumer@product.in,Manufactured in India,GOOD,COMPLIANT,100,NONE,0,None,None
LM-GEN-00105,BN9935,8905747444967,Face Wash,Pulses,Odisha Produce Ltd.,"Chandaka Industrial Estate, Bhubaneswar, Odisha - 751024",200ml,ml,MRP Rs. 650 (Incl. of all taxes),650,Rs. 3.25 per ml,02/2023,1800-419-8900,consumer@product.in,India,POOR,NON_COMPLIANT,92,LOW,1,LM-PC-010,Label text readability below minimum statutory requirement (Rule 7)
LM-GEN-00106,BN1527,8905071184362,Sunscreen Lotion,Personal Care,Star FMCG Corporation,"Sector 63, NOIDA, Uttar Pradesh - 201301",100ml,ml,MRP Rs. 30 (Incl. of all taxes),30,Rs. 0.3 per ml,10/2022,1800-890-0011,help@business.co.in,Made in India,MODERATE,COMPLIANT,100,NONE,0,None,None
LM-GEN-00107,BN6786,8906739892941,,Beverages,Hindustan Consumer Goods,"Andheri East, MIDC, Mumbai, Maharashtra - 400093",100kilos,kilos,MRP Rs. 120 (Incl. of all taxes),120,Rs. 1.2 per ml,12/2023,1800-572-3344,grievance@goods.in,Made in India,GOOD,NON_COMPLIANT,50,HIGH,2,LM-PC-004; LM-PC-001,Non-standard unit 'kilos' used (must be SI: g/kg/ml/l/N/m) | Missing product/commodity name on label
LM-GEN-00108,BN7739,8902842151104,Floor Cleaner,Household,Odisha Produce Ltd.,"Chandaka Industrial Estate, Bhubaneswar, Odisha - 751024",1l,l,MRP Rs. 350 (Incl. of all taxes),350,,12/2022,1800-123-7890,info@pack.in,,GOOD,NON_COMPLIANT,77,MEDIUM,2,LM-PC-008; LM-PC-009,Country of Origin declaration missing | Unit Sale Price (USP) not declared
LM-GEN-00109,BN5988,8901593900928,Ayurvedic Churan,Health,Pushpak Packaging Pvt. Ltd.,"Industrial Area Phase 1, Chandigarh - 160002",100g,g,MRP Rs. 180 (Incl. of all taxes),180,Rs. 1.8 per g,01/2023,1800-572-3344,grievance@goods.in,Made in India,GOOD,COMPLIANT,100,NONE,0,None,None
LM-GEN-00110,BN1604,8902706191690,Pesticide Spray,Agriculture,Hindustan Consumer Goods,"Andheri East, MIDC, Mumbai, Maharashtra - 400093",500ml,ml,MRP Rs. 99 (Incl. of all taxes),99,Rs. 0.198 per ml,05/2022,1800-103-1234,support@company.in,Bharat,GOOD,COMPLIANT,100,NONE,0,None,None
LM-GEN-00111,BN1703,8905249461838,Sunscreen Lotion,Personal Care,Bengal Foods International,"Park Circus, Kolkata, West Bengal - 700017",100ml,ml,MRP Rs. 99 (Incl. of all taxes),99,,03/2024,1800-103-1234,support@company.in,,MODERATE,NON_COMPLIANT,77,MEDIUM,2,LM-PC-008; LM-PC-009,Country of Origin declaration missing | Unit Sale Price (USP) not declared
LM-GEN-00112,BN2165,8908807079611,Protein Supplement,Health,Evergreen Manufacturing Co.,"Phase II, Industrial Zone, Ludhiana, Punjab - 141010",500g,g,MRP Rs. 120 (Incl. of all taxes),120,Rs. 0.24 per g,06/2023,1800-103-1234,support@company.in,India,MODERATE,COMPLIANT,100,NONE,0,None,None
LM-GEN-00113,BN1494,8907610311492,,Personal Care,National Packaged Goods Ltd.,"B-12, Okhla Industrial Phase II, New Delhi - 110020",100ml,ml,MRP Rs. 30 (Incl. of all taxes),30,Rs. 0.3 per ml,09/2022,1800-572-3344,grievance@goods.in,Bharat,GOOD,NON_COMPLIANT,75,MEDIUM,1,LM-PC-001,Missing product/commodity name on label
LM-GEN-00114,BN1179,8902282619670,Refined Sunflower Oil,Spices,Apex Consumer Products,"No. 7, 3rd Cross, Peenya Industrial Area, Bengaluru, Karnataka - 560058",2l,l,MRP Rs. 450 (Incl. of all taxes),450,,04/2023,1800-572-3344,grievance@goods.in,China,MODERATE,NON_COMPLIANT,92,LOW,1,LM-PC-009,Unit Sale Price (USP) not declared
LM-GEN-00115,BN6876,8907808876829,Talcum Powder,Personal Care,Bengal Foods International,"Park Circus, Kolkata, West Bengal - 700017",200g,g,MRP Rs. 75 (Incl. of all taxes),75,Rs. 0.3 per g,04/2024,1800-890-0011,help@business.co.in,India,MODERATE,COMPLIANT,100,NONE,0,None,None
LM-GEN-00116,BN4056,8903976330831,,Personal Care,Hindustan Consumer Goods,"Andheri East, MIDC, Mumbai, Maharashtra - 400093",35g,g,MRP Rs. 299 (Incl. of all taxes),299,Rs. 8.5429 per g,06/2022,1800-572-3344,grievance@goods.in,Bangladesh,GOOD,NON_COMPLIANT,75,MEDIUM,1,LM-PC-001,Missing product/commodity name on label
LM-GEN-00117,BN3260,8906836837853,,Health,Sunrise Foods Pvt. Ltd.,"Plot No. 14, MIDC Industrial Area, Pune, Maharashtra - 411026",200ml,ml,MRP Rs. 180 (Incl. of all taxes),180,Rs. 0.9 per ml,05/2023,1800-890-0011,help@business.co.in,China,GOOD,NON_COMPLIANT,75,MEDIUM,1,LM-PC-001,Missing product/commodity name on label
LM-GEN-00118,BN1123,8905775956902,,Spices,Apex Consumer Products,"No. 7, 3rd Cross, Peenya Industrial Area, Bengaluru, Karnataka - 560058",50g,g,MRP Rs. 150,150,Rs. 3.0 per g,11/2022,1800-890-0011,help@business.co.in,,GOOD,NON_COMPLIANT,35,CRITICAL,3,LM-PC-001; LM-PC-005; LM-PC-008,Missing product/commodity name on label | MRP missing mandatory phrase 'inclusive of all taxes' | Country of Origin declaration missing
LM-GEN-00119,BN3525,8909410358050,Air Freshener Spray,Household,Shree Ganesh Processors,"Near Water Tank, Sikar Road, Jaipur, Rajasthan - 302023",200ml,ml,MRP Rs. 750 (Incl. of all taxes),750,,09/2024,,,Bangladesh,POOR,NON_COMPLIANT,77,MEDIUM,2,LM-PC-007; LM-PC-009,Consumer care helpline and email not provided | Unit Sale Price (USP) not declared
LM-GEN-00120,BN1257,8907446805055,Toor Dal,Pulses,Disha Exports & Imports,"No. 34, Anna Salai, Chennai, Tamil Nadu - 600002",1kg,kg,MRP Rs. 150 (Incl. of all taxes),150,Rs. 150.0 per kg,04/2023,1800-572-3344,grievance@goods.in,India,GOOD,COMPLIANT,100,NONE,0,None,None
LM-GEN-00121,BN2021,8902488590710,Lip Balm,Personal Care,Star FMCG Corporation,"Sector 63, NOIDA, Uttar Pradesh - 201301",8g,g,MRP Rs. 200 (Incl. of all taxes),200,Rs. 25.0 per g,08/2023,1800-200-5678,care@brand.com,Made in India,MODERATE,COMPLIANT,100,NONE,0,None,None
LM-GEN-00122,BN6252,8901146052373,Coriander Powder,Dairy,Bharat Organic Farms,"Village Narsingpur, Tehsil Harda, Madhya Pradesh - 461331",100g,g,MRP Rs. 150 (Incl. of all taxes),150,Rs. 1.5 per g,05/2024,1800-890-0011,help@business.co.in,India,POOR,NON_COMPLIANT,92,LOW,1,LM-PC-010,Label text readability below minimum statutory requirement (Rule 7)
LM-GEN-00123,BN9788,8908626728284,Curd (Dahi),Dairy,,Industrial Area Phase 1,800g,g,MRP Rs. 30 (Incl. of all taxes),30,Rs. 0.0375 per g,03/2022,1800-890-0011,help@business.co.in,,POOR,NON_COMPLIANT,47,HIGH,4,LM-PC-003; LM-PC-010; LM-PC-002; LM-PC-008,Incomplete address — PIN code / State missing | Label text readability below minimum statutory requirement (Rule 7) | Manufacturer/packer name not declared | Country of Origin declaration missing
LM-GEN-00124,BN7831,8907884653963,Digestive Tablets,Health,Shree Ganesh Processors,"Near Water Tank, Sikar Road, Jaipur, Rajasthan - 302023",60N,N,MRP Rs. 399 (Incl. of all taxes),399,Rs. 6.65 per N,03/2023,1800-123-7890,info@pack.in,India,MODERATE,COMPLIANT,100,NONE,0,None,None
LM-GEN-00125,BN5384,8905801112373,Lip Balm,Personal Care,JR Manufacturing,"K-18, RIICO Industrial Area, Bhiwadi, Rajasthan - 301019",4g,g,MRP Rs. 30 (Incl. of all taxes),30,Rs. 0.06 per g,03/2023,011-23456789,contact@firm.co.in,Germany,MODERATE,COMPLIANT,100,NONE,0,None,None
LM-GEN-00126,BN7279,8906710134684,,Health,MP Agro Industries,"Pologround Industrial Area, Indore, Madhya Pradesh - 452015",500g,g,MRP Rs. 75 (Incl. of all taxes),75,Rs. 0.15 per g,08/2022,1800-890-0011,help@business.co.in,Bharat,GOOD,NON_COMPLIANT,75,MEDIUM,1,LM-PC-001,Missing product/commodity name on label
LM-GEN-00127,BN6611,8909831076181,Health Drink Mix,Beverages,Royal Produce Pvt. Ltd.,"NH-44 Bypass Road, Hyderabad, Telangana - 500072",500g,g,MRP Rs. 9.5 (Incl. of all taxes),9.5,Rs. 0.0238 per g,07/2023,1800-123-7890,info@pack.in,Manufactured in India,GOOD,COMPLIANT,100,NONE,0,None,None
LM-GEN-00128,BN4483,8909063235620,Glass Cleaner,Household,Hindustan Consumer Goods,"Andheri East, MIDC, Mumbai, Maharashtra - 400093",1000ml,ml,MRP Rs. 499 (Incl. of all taxes),499,Rs. 0.499 per ml,02/2022,,,China,MODERATE,NON_COMPLIANT,85,LOW,1,LM-PC-007,Consumer care helpline and email not provided
LM-GEN-00129,BN2070,8905189821149,Mustard Oil,Edible Oil,Agro Vision Industries,"Kumbargaon MIDC, Ahmednagar, Maharashtra - 414003",1000mls,mls,MRP Rs. 850 (Incl. of all taxes),850,Rs. 0.85 per ml,03/2022,,,,POOR,NON_COMPLIANT,45,HIGH,3,LM-PC-007; LM-PC-004; LM-PC-008,Consumer care helpline and email not provided | Non-standard unit 'mls' used (must be SI: g/kg/ml/l/N/m) | Country of Origin declaration missing
LM-GEN-00130,BN7925,8905130106511,Body Lotion,Personal Care,Royal Produce Pvt. Ltd.,"NH-44 Bypass Road, Hyderabad, Telangana - 500072",400ml,ml,MRP Rs. 30 (Incl. of all taxes),30,Rs. 0.075 per ml,07/2022,1800-200-5678,care@brand.com,India,GOOD,COMPLIANT,100,NONE,0,None,None
LM-GEN-00131,BN5131,8905855886548,Toilet Cleaner,Household,Agro Vision Industries,"Kumbargaon MIDC, Ahmednagar, Maharashtra - 414003",500ml,ml,MRP Rs. 9.5 (Incl. of all taxes),9.5,Rs. 0.095 per g,10/2022,1800-103-1234,support@company.in,Manufactured in India,MODERATE,COMPLIANT,100,NONE,0,None,None
LM-GEN-00132,BN7502,8909113820631,Drinking Water,Beverages,Star FMCG Corporation,"Sector 63, NOIDA, Uttar Pradesh - 201301",1l,l,MRP Rs. 450 (Incl. of all taxes),450,Rs. 2.25 per g,12/2023,1800-572-3344,grievance@goods.in,India,MODERATE,COMPLIANT,100,NONE,0,None,None
LM-GEN-00133,BN9103,8903917567039,Liquid Detergent,Household,Star FMCG Corporation,"Sector 63, NOIDA, Uttar Pradesh - 201301",500ml,ml,MRP Rs. 399 (Incl. of all taxes),399,Rs. 0.798 per ml,10/2022,011-23456789,contact@firm.co.in,Germany,MODERATE,COMPLIANT,100,NONE,0,None,None
LM-GEN-00134,BN9551,8908946110584,Drinking Water,Beverages,TechPack Solutions,"EPIP Zone, Whitefield, Bengaluru, Karnataka - 560066",1l,l,MRP Rs. 180 (Incl. of all taxes),180,Rs. 180.0 per l,,1800-572-3344,grievance@goods.in,India,POOR,NON_COMPLIANT,77,MEDIUM,2,LM-PC-006; LM-PC-010,Month and year of manufacture / packing not declared | Label text readability below minimum statutory requirement (Rule 7)
LM-GEN-00135,BN6739,8907030952492,Coriander Powder,Spices,Sunrise Foods Pvt. Ltd.,"Plot No. 14, MIDC Industrial Area, Pune, Maharashtra - 411026",100g,g,MRP Rs. 450 (Incl. of all taxes),450,Rs. 2.25 per g,08/2023,1800-419-8900,consumer@product.in,India,GOOD,COMPLIANT,100,NONE,0,None,None
LM-GEN-00136,BN4222,8902614934286,Plain Biscuits,Snacks & Bakery,Kerala Naturals Pvt. Ltd.,"SY 22/3, Edapally, Kochi, Kerala - 682024",200g,g,MRP Rs. 399 (Incl. of all taxes),399,Rs. 26.6 per N,04/2024,1800-890-0011,help@business.co.in,Manufactured in India,POOR,COMPLIANT,100,NONE,0,None,None
LM-GEN-00137,BN3214,8909163553578,Cumin Seeds,Spices,Pushpak Packaging Pvt. Ltd.,"Industrial Area Phase 1, Chandigarh - 160002",200g,g,MRP Rs. 50 (Incl. of all taxes),50,Rs. 0.25 per g,12/2023,1800-123-7890,info@pack.in,India,GOOD,COMPLIANT,100,NONE,0,None,None
LM-GEN-00138,BN6637,8902024010587,Toothbrush,Personal Care,Agro Vision Industries,"Kumbargaon MIDC, Ahmednagar, Maharashtra - 414003",2N,N,MRP Rs. 15 (Incl. of all taxes),15,Rs. 7.5 per N,08/2024,1800-123-7890,info@pack.in,Bharat,MODERATE,COMPLIANT,100,NONE,0,None,None
LM-GEN-00139,BN4527,8906045818470,Sunscreen Lotion,Condiments,Disha Exports & Imports,"No. 34, Anna Salai, Chennai, Tamil Nadu - 600002",50grm,grm,MRP Rs. 25 (Incl. of all taxes),25,Rs. 0.5 per ml,08/2022,1800-123-7890,info@pack.in,Bangladesh,POOR,NON_COMPLIANT,75,MEDIUM,1,LM-PC-004,Non-standard unit 'grm' used (must be SI: g/kg/ml/l/N/m)
LM-GEN-00140,BN3743,8906965656779,Glucose Powder,Health,TechPack Solutions,"EPIP Zone, Whitefield, Bengaluru, Karnataka - 560066",400g,g,MRP Rs. 15 (Incl. of all taxes),15,Rs. 0.0375 per g,08/2022,1800-419-8900,consumer@product.in,India,GOOD,COMPLIANT,100,NONE,0,None,None
LM-GEN-00141,BN6836,8903706201084,Turmeric Powder,Spices,Hindustan Consumer Goods,"Andheri East, MIDC, Mumbai, Maharashtra - 400093",200g,g,MRP Rs. 750 (Incl. of all taxes),750,Rs. 7.5 per g,03/2022,1800-103-1234,support@company.in,Manufactured in India,GOOD,COMPLIANT,100,NONE,0,None,None
LM-GEN-00142,BN5169,8904307733087,Protein Supplement,Health,Agro Vision Industries,Kumbargaon MIDC,1000g,g,MRP Rs. 15 (Incl. of all taxes),15,Rs. 0.015 per g,10/2023,1800-890-0011,help@business.co.in,,GOOD,NON_COMPLIANT,70,MEDIUM,2,LM-PC-008; LM-PC-003,Country of Origin declaration missing | Incomplete address — PIN code / State missing
LM-GEN-00143,BN2411,8902902524089,Glucose Powder,Health,GreenLeaf Agro Industries,"Survey No. 87, Rajkot Industrial Estate, Rajkot, Gujarat - 360002",100g,g,MRP Rs. 20,20,Rs. 0.2 per g,,1800-123-7890,info@pack.in,India,GOOD,NON_COMPLIANT,60,MEDIUM,2,LM-PC-005; LM-PC-006,MRP missing mandatory phrase 'inclusive of all taxes' | Month and year of manufacture / packing not declared
LM-GEN-00144,BN4411,8907092310507,Refined Sunflower Oil,Edible Oil,,Sector 63,1l,l,MRP Rs. 550 (Incl. of all taxes),550,Rs. 550.0 per l,04/2023,,,Manufactured in India,GOOD,NON_COMPLIANT,55,HIGH,3,LM-PC-002; LM-PC-003; LM-PC-007,Manufacturer/packer name not declared | Incomplete address — PIN code / State missing | Consumer care helpline and email not provided
LM-GEN-00145,BN8625,8904369840700,Hybrid Tomato Seeds,Edible Oil,,"Plot No. 14, MIDC Industrial Area, Pune, Maharashtra - 411026",20g,g,MRP Rs. 15 (Incl. of all taxes),15,Rs. 0.75 per g,06/2023,1800-890-0011,help@business.co.in,India,GOOD,NON_COMPLIANT,85,LOW,1,LM-PC-002,Manufacturer/packer name not declared
LM-GEN-00146,BN3484,8903917798865,Carbonated Soft Drink,Beverages,MP Agro Industries,"Pologround Industrial Area, Indore, Madhya Pradesh - 452015",250ml,ml,MRP Rs. 50 (Incl. of all taxes),50,Rs. 0.2 per ml,05/2023,1800-890-0011,help@business.co.in,Bangladesh,GOOD,COMPLIANT,100,NONE,0,None,None
LM-GEN-00147,BN5156,8902916633663,Instant Noodles,Snacks & Bakery,,NH-44 Bypass Road,140g,g,MRP Rs. 9.5 (Incl. of all taxes),9.5,Rs. 0.0679 per g,02/2022,,,Bangladesh,MODERATE,NON_COMPLIANT,55,HIGH,3,LM-PC-002; LM-PC-003; LM-PC-007,Manufacturer/packer name not declared | Incomplete address — PIN code / State missing | Consumer care helpline and email not provided
LM-GEN-00148,BN8680,8909375037662,Cream Biscuits,Snacks & Bakery,Evergreen Manufacturing Co.,"Phase II, Industrial Zone, Ludhiana, Punjab - 141010",50grms,grms,MRP Rs. 20 (Incl. of all taxes),20,Rs. 0.4 per g,01/2024,,,USA,POOR,NON_COMPLIANT,52,HIGH,3,LM-PC-004; LM-PC-010; LM-PC-007,Non-standard unit 'grms' used (must be SI: g/kg/ml/l/N/m) | Label text readability below minimum statutory requirement (Rule 7) | Consumer care helpline and email not provided
LM-GEN-00149,BN4694,8904567792757,Lip Balm,Personal Care,Shree Ganesh Processors,"Near Water Tank, Sikar Road, Jaipur, Rajasthan - 302023",8GMS,GMS,MRP Rs. 650 (Incl. of all taxes),650,Rs. 81.25 per g,01/2024,1800-572-3344,grievance@goods.in,India,MODERATE,NON_COMPLIANT,75,MEDIUM,1,LM-PC-004,Non-standard unit 'GMS' used (must be SI: g/kg/ml/l/N/m)
LM-GEN-00150,BN3239,8902779294362,Full Cream Milk Powder,Dairy,MP Agro Industries,Pologround Industrial Area,1000g,g,MRP Rs. 650 (Incl. of all taxes),650,Rs. 0.65 per g,02/2022,1800-123-7890,info@pack.in,,POOR,NON_COMPLIANT,62,MEDIUM,3,LM-PC-008; LM-PC-003; LM-PC-010,Country of Origin declaration missing | Incomplete address — PIN code / State missing | Label text readability below minimum statutory requirement (Rule 7)
LM-GEN-00151,BN3539,8909161001858,,Pulses,Disha Exports & Imports,"No. 34, Anna Salai, Chennai, Tamil Nadu - 600002",2N,N,MRP Rs. 999 (Incl. of all taxes),999,Rs. 499.5 per N,02/2023,1800-572-3344,grievance@goods.in,India,GOOD,NON_COMPLIANT,75,MEDIUM,1,LM-PC-001,Missing product/commodity name on label
LM-GEN-00152,BN8946,8903285230764,Instant Noodles,Snacks & Bakery,Sunrise Foods Pvt. Ltd.,"Plot No. 14, MIDC Industrial Area, Pune, Maharashtra - 411026",140g,g,MRP Rs. 550 (Incl. of all taxes),550,Rs. 3.9286 per g,02/2023,1800-890-0011,help@business.co.in,India,GOOD,COMPLIANT,100,NONE,0,None,None
LM-GEN-00153,BN2044,8907190330865,,Condiments,Odisha Produce Ltd.,"Chandaka Industrial Estate, Bhubaneswar, Odisha - 751024",400grm,grm,MRP Rs. 35 (Incl. of all taxes),35,Rs. 0.0875 per g,06/2023,1800-200-5678,care@brand.com,India,GOOD,NON_COMPLIANT,50,HIGH,2,LM-PC-001; LM-PC-004,Missing product/commodity name on label | Non-standard unit 'grm' used (must be SI: g/kg/ml/l/N/m)
LM-GEN-00154,BN1849,8902319339224,Paneer,Dairy,Sunrise Foods Pvt. Ltd.,"Plot No. 14, MIDC Industrial Area, Pune, Maharashtra - 411026",100g,g,MRP Rs. 350 (Incl. of all taxes),350,Rs. 3.5 per g,11/2023,1800-200-5678,care@brand.com,USA,GOOD,COMPLIANT,100,NONE,0,None,None
LM-GEN-00155,BN5821,8908906993557,,Spices,Apex Consumer Products,No. 7,50g,g,MRP Rs. 650 (Incl. of all taxes),650,Rs. 13.0 per g,05/2022,1800-419-8900,consumer@product.in,Bangladesh,GOOD,NON_COMPLIANT,60,MEDIUM,2,LM-PC-003; LM-PC-001,Incomplete address — PIN code / State missing | Missing product/commodity name on label
LM-GEN-00156,BN6999,8908537507772,Pen (Ball Point),Stationery,GreenLeaf Agro Industries,"Survey No. 87, Rajkot Industrial Estate, Rajkot, Gujarat - 360002",5N,N,MRP Rs. 350 (Incl. of all taxes),350,Rs. 1.4 per ml,04/2024,011-23456789,contact@firm.co.in,Bharat,GOOD,COMPLIANT,100,NONE,0,None,None
LM-GEN-00157,BN9494,8904361328949,Deodorant Spray,Personal Care,Evergreen Manufacturing Co.,"Phase II, Industrial Zone, Ludhiana, Punjab - 141010",75ml,ml,MRP Rs. 120,120,,06/2023,1800-890-0011,help@business.co.in,India,GOOD,NON_COMPLIANT,67,MEDIUM,2,LM-PC-009; LM-PC-005,Unit Sale Price (USP) not declared | MRP missing mandatory phrase 'inclusive of all taxes'
LM-GEN-00158,BN5491,8908830839263,Coriander Powder,Health,Royal Produce Pvt. Ltd.,"NH-44 Bypass Road, Hyderabad, Telangana - 500072",100g,g,MRP Rs. 15 (Incl. of all taxes),15,Rs. 0.15 per g,08/2024,,,Manufactured in India,GOOD,NON_COMPLIANT,85,LOW,1,LM-PC-007,Consumer care helpline and email not provided
LM-GEN-00159,BN3243,8904086206155,Fabric Softener,Household,Kerala Naturals Pvt. Ltd.,"SY 22/3, Edapally, Kochi, Kerala - 682024",250ml,ml,MRP Rs. 1499 (Incl. of all taxes),1499,Rs. 5.996 per ml,02/2024,1800-419-8900,consumer@product.in,Made in India,MODERATE,COMPLIANT,100,NONE,0,None,None
LM-GEN-00160,BN1004,8903294234734,Full Cream Milk Powder,Dairy,Sunrise Foods Pvt. Ltd.,"Plot No. 14, MIDC Industrial Area, Pune, Maharashtra - 411026",500g,g,MRP Rs. 200 (Incl. of all taxes),200,Rs. 0.4 per g,08/2024,1800-123-7890,info@pack.in,India,MODERATE,COMPLIANT,100,NONE,0,None,None
LM-GEN-00161,BN1084,8906252434352,Curd (Dahi),Dairy,Odisha Produce Ltd.,"Chandaka Industrial Estate, Bhubaneswar, Odisha - 751024",400g,g,MRP Rs. 180 (Incl. of all taxes),180,Rs. 0.18 per g,06/2022,1800-419-8900,consumer@product.in,USA,POOR,COMPLIANT,100,NONE,0,None,None
LM-GEN-00162,BN6130,8904513594897,Carbonated Soft Drink,Stationery,JR Manufacturing,K-18,500ml,ml,MRP Rs. 120 (Incl. of all taxes),120,Rs. 0.24 per ml,05/2024,011-23456789,contact@firm.co.in,Germany,GOOD,NON_COMPLIANT,85,LOW,1,LM-PC-003,Incomplete address — PIN code / State missing
LM-GEN-00163,BN3638,8906910131748,Carbonated Soft Drink,Pulses,Odisha Produce Ltd.,"Chandaka Industrial Estate, Bhubaneswar, Odisha - 751024",500ml,ml,MRP Rs. 25 (Incl. of all taxes),25,,04/2023,011-23456789,contact@firm.co.in,India,GOOD,NON_COMPLIANT,92,LOW,1,LM-PC-009,Unit Sale Price (USP) not declared
LM-GEN-00164,BN6202,8906935880793,Fruit Juice (Tetra Pack),Beverages,Pushpak Packaging Pvt. Ltd.,"Industrial Area Phase 1, Chandigarh - 160002",100ml,ml,MRP Rs. 850 (Incl. of all taxes),850,Rs. 8.5 per ml,04/2024,,,India,GOOD,NON_COMPLIANT,85,LOW,1,LM-PC-007,Consumer care helpline and email not provided
LM-GEN-00165,BN3912,8909293992322,Talcum Powder,Personal Care,,"Survey No. 87, Rajkot Industrial Estate, Rajkot, Gujarat - 360002",200g,g,MRP Rs. 99 (Incl. of all taxes),99,Rs. 0.495 per g,,1800-419-8900,consumer@product.in,Bangladesh,MODERATE,NON_COMPLIANT,70,MEDIUM,2,LM-PC-006; LM-PC-002,Month and year of manufacture / packing not declared | Manufacturer/packer name not declared
LM-GEN-00166,BN7545,8904090853199,Hair Oil,Personal Care,Royal Produce Pvt. Ltd.,"NH-44 Bypass Road, Hyderabad, Telangana - 500072",100ml,ml,MRP Rs. 350 (Incl. of all taxes),350,Rs. 3.5 per ml,03/2024,1800-123-7890,info@pack.in,China,POOR,COMPLIANT,100,NONE,0,None,None
LM-GEN-00167,BN7754,8902465023404,Fruit Jam,Condiments,,"NH-44 Bypass Road, Hyderabad, Telangana - 500072",500g,g,MRP Rs. 35 (Incl. of all taxes),35,Rs. 0.07 per g,01/2023,1800-890-0011,help@business.co.in,,GOOD,NON_COMPLIANT,70,MEDIUM,2,LM-PC-008; LM-PC-002,Country of Origin declaration missing | Manufacturer/packer name not declared
LM-GEN-00168,BN3451,8904169394541,Dish Wash Bar,Household,Sunrise Foods Pvt. Ltd.,Plot No. 14,500Kgs,Kgs,MRP Rs. 750 (Incl. of all taxes),750,Rs. 1.5 per g,,011-23456789,contact@firm.co.in,China,POOR,NON_COMPLIANT,37,CRITICAL,4,LM-PC-003; LM-PC-004; LM-PC-010; LM-PC-006,Incomplete address — PIN code / State missing | Non-standard unit 'Kgs' used (must be SI: g/kg/ml/l/N/m) | Label text readability below minimum statutory requirement (Rule 7) | Month and year of manufacture / packing not declared
LM-GEN-00169,BN9859,8903825766758,Moisturizing Cream,Personal Care,MP Agro Industries,"Pologround Industrial Area, Indore, Madhya Pradesh - 452015",100ml,ml,MRP Rs. 650 (Incl. of all taxes),650,Rs. 6.5 per ml,,011-23456789,contact@firm.co.in,India,POOR,NON_COMPLIANT,77,MEDIUM,2,LM-PC-006; LM-PC-010,Month and year of manufacture / packing not declared | Label text readability below minimum statutory requirement (Rule 7)
LM-GEN-00170,BN8652,8903779267318,Glass Cleaner,Household,Sunrise Foods Pvt. Ltd.,"Plot No. 14, MIDC Industrial Area, Pune, Maharashtra - 411026",250ml,ml,MRP Rs. 650 (Incl. of all taxes),650,Rs. 2.6 per ml,,1800-103-1234,support@company.in,India,POOR,NON_COMPLIANT,77,MEDIUM,2,LM-PC-006; LM-PC-010,Month and year of manufacture / packing not declared | Label text readability below minimum statutory requirement (Rule 7)
LM-GEN-00171,BN7399,8903822804417,Basmati Rice,Staples,Evergreen Manufacturing Co.,"Phase II, Industrial Zone, Ludhiana, Punjab - 141010",2lts,lts,MRP Rs. 1199 (Incl. of all taxes),1199,Rs. 599.5 per kg,08/2022,011-23456789,contact@firm.co.in,India,MODERATE,NON_COMPLIANT,75,MEDIUM,1,LM-PC-004,Non-standard unit 'lts' used (must be SI: g/kg/ml/l/N/m)
LM-GEN-00172,BN9155,8901379836485,,Agriculture,JR Manufacturing,"K-18, RIICO Industrial Area, Bhiwadi, Rajasthan - 301019",0.5kg,kg,MRP Rs. 999,999,Rs. 1998.0 per kg,07/2024,1800-890-0011,help@business.co.in,Germany,GOOD,NON_COMPLIANT,50,HIGH,2,LM-PC-001; LM-PC-005,Missing product/commodity name on label | MRP missing mandatory phrase 'inclusive of all taxes'
LM-GEN-00173,BN7692,8902004195063,,Beverages,Disha Exports & Imports,"No. 34, Anna Salai, Chennai, Tamil Nadu - 600002",500g,g,MRP Rs. 499 (Incl. of all taxes),499,Rs. 0.998 per g,,1800-103-1234,support@company.in,Manufactured in India,GOOD,NON_COMPLIANT,60,MEDIUM,2,LM-PC-006; LM-PC-001,Month and year of manufacture / packing not declared | Missing product/commodity name on label
LM-GEN-00174,BN2649,8906886894282,Detergent Powder,Household,Agro Vision Industries,"Kumbargaon MIDC, Ahmednagar, Maharashtra - 414003",0.5kg,kg,MRP Rs. 99 (Incl. of all taxes),99,Rs. 198.0 per kg,12/2022,1800-419-8900,consumer@product.in,India,MODERATE,COMPLIANT,100,NONE,0,None,None
LM-GEN-00175,BN7262,8907185118108,Drinking Water,Beverages,Bengal Foods International,"Park Circus, Kolkata, West Bengal - 700017",0.5l,l,MRP Rs. 1199 (Incl. of all taxes),1199,Rs. 2398.0 per l,05/2022,1800-200-5678,care@brand.com,,MODERATE,NON_COMPLIANT,85,LOW,1,LM-PC-008,Country of Origin declaration missing
LM-GEN-00176,BN5975,8907439304609,Coriander Powder,Spices,Hindustan Consumer Goods,"Andheri East, MIDC, Mumbai, Maharashtra - 400093",50g,g,MRP Rs. 1199 (Incl. of all taxes),1199,Rs. 23.98 per g,07/2024,1800-419-8900,consumer@product.in,USA,GOOD,COMPLIANT,100,NONE,0,None,None
LM-GEN-00177,BN9200,8909229435478,Hybrid Tomato Seeds,Agriculture,National Packaged Goods Ltd.,"B-12, Okhla Industrial Phase II, New Delhi - 110020",10g,g,MRP Rs. 35 (Incl. of all taxes),35,Rs. 3.5 per g,04/2022,1800-890-0011,help@business.co.in,India,POOR,COMPLIANT,100,NONE,0,None,None
LM-GEN-00178,BN7350,8907490091177,Butter,Stationery,GreenLeaf Agro Industries,"Survey No. 87, Rajkot Industrial Estate, Rajkot, Gujarat - 360002",200g,g,MRP Rs. 1499 (Incl. of all taxes),1499,Rs. 7.495 per g,03/2022,,,Bharat,GOOD,NON_COMPLIANT,85,LOW,1,LM-PC-007,Consumer care helpline and email not provided
LM-GEN-00179,BN7579,8905828731854,Health Drink Mix,Beverages,Kerala Naturals Pvt. Ltd.,"SY 22/3, Edapally, Kochi, Kerala - 682024",250g,g,MRP Rs. 750,750,,02/2024,1800-123-7890,info@pack.in,USA,GOOD,NON_COMPLIANT,67,MEDIUM,2,LM-PC-009; LM-PC-005,Unit Sale Price (USP) not declared | MRP missing mandatory phrase 'inclusive of all taxes'
LM-GEN-00180,BN7166,8909917726066,Sugar,Staples,Agro Vision Industries,"Kumbargaon MIDC, Ahmednagar, Maharashtra - 414003",1kg,kg,MRP Rs. 180 (Incl. of all taxes),180,Rs. 0.36 per ml,04/2024,1800-200-5678,care@brand.com,Manufactured in India,GOOD,COMPLIANT,100,NONE,0,None,None
LM-GEN-00181,BN9210,8908369156359,Multivitamin Tablets,Health,Disha Exports & Imports,"No. 34, Anna Salai, Chennai, Tamil Nadu - 600002",30N,N,MRP Rs. 750 (Incl. of all taxes),750,Rs. 25.0 per N,02/2023,1800-419-8900,consumer@product.in,Manufactured in India,POOR,COMPLIANT,100,NONE,0,None,None
LM-GEN-00182,BN5698,8902902605170,Hair Conditioner,Personal Care,National Packaged Goods Ltd.,"B-12, Okhla Industrial Phase II, New Delhi - 110020",87.5Gms,Gms,MRP Rs. 99 (Incl. of all taxes),99,,,1800-572-3344,grievance@goods.in,Bharat,GOOD,NON_COMPLIANT,52,HIGH,3,LM-PC-004; LM-PC-006; LM-PC-009,Non-standard unit 'Gms' used (must be SI: g/kg/ml/l/N/m) | Month and year of manufacture / packing not declared | Unit Sale Price (USP) not declared
LM-GEN-00183,BN5945,8903677211755,,Stationery,,"Survey 45/A, Vatva GIDC, Ahmedabad, Gujarat - 382445",50m,m,MRP Rs. 75 (Incl. of all taxes),75,,02/2024,1800-419-8900,consumer@product.in,,MODERATE,NON_COMPLIANT,37,CRITICAL,4,LM-PC-002; LM-PC-001; LM-PC-008; LM-PC-009,Manufacturer/packer name not declared | Missing product/commodity name on label | Country of Origin declaration missing | Unit Sale Price (USP) not declared
LM-GEN-00184,BN6298,8903475686842,Tea Bags,Beverages,Apex Consumer Products,"No. 7, 3rd Cross, Peenya Industrial Area, Bengaluru, Karnataka - 560058",50g,g,MRP Rs. 1199 (Incl. of all taxes),1199,Rs. 23.98 per g,,1800-123-7890,info@pack.in,Manufactured in India,POOR,NON_COMPLIANT,85,LOW,1,LM-PC-006,Month and year of manufacture / packing not declared
LM-GEN-00185,BN5392,8909751032268,Rock Salt,Staples,,"Plot No. 14, MIDC Industrial Area, Pune, Maharashtra - 411026",250g,g,MRP Rs. 250 (Incl. of all taxes),250,,10/2022,011-23456789,contact@firm.co.in,USA,MODERATE,NON_COMPLIANT,77,MEDIUM,2,LM-PC-002; LM-PC-009,Manufacturer/packer name not declared | Unit Sale Price (USP) not declared
LM-GEN-00186,BN3024,8902913729341,Moisturizing Cream,Personal Care,Star FMCG Corporation,"Sector 63, NOIDA, Uttar Pradesh - 201301",50ml,ml,MRP Rs. 15 (Incl. of all taxes),15,Rs. 0.3 per ml,12/2023,1800-890-0011,help@business.co.in,Bangladesh,GOOD,COMPLIANT,100,NONE,0,None,None
LM-GEN-00187,BN4025,8908719479118,Mosquito Repellent Liquid,Household,Shree Ganesh Processors,"Near Water Tank, Sikar Road, Jaipur, Rajasthan - 302023",22.5ml,ml,MRP Rs. 499 (Incl. of all taxes),499,,04/2024,,,India,GOOD,NON_COMPLIANT,77,MEDIUM,2,LM-PC-007; LM-PC-009,Consumer care helpline and email not provided | Unit Sale Price (USP) not declared
LM-GEN-00188,BN6471,8908719842940,,Dairy,,"SY 22/3, Edapally, Kochi, Kerala - 682024",50g,g,MRP Rs. 650 (Incl. of all taxes),650,Rs. 13.0 per g,10/2022,1800-123-7890,info@pack.in,India,MODERATE,NON_COMPLIANT,60,MEDIUM,2,LM-PC-001; LM-PC-002,Missing product/commodity name on label | Manufacturer/packer name not declared
LM-GEN-00189,BN1833,8905964355196,Fabric Softener,Staples,GreenLeaf Agro Industries,"Survey No. 87, Rajkot Industrial Estate, Rajkot, Gujarat - 360002",250ml,ml,MRP Rs. 299 (Incl. of all taxes),299,Rs. 1.196 per ml,02/2024,1800-123-7890,info@pack.in,,MODERATE,NON_COMPLIANT,85,LOW,1,LM-PC-008,Country of Origin declaration missing
LM-GEN-00190,BN7370,8902354808814,,Beverages,Agro Vision Industries,"Kumbargaon MIDC, Ahmednagar, Maharashtra - 414003",100g,g,MRP Rs. 25 (Incl. of all taxes),25,Rs. 0.25 per g,05/2024,011-23456789,contact@firm.co.in,India,GOOD,NON_COMPLIANT,75,MEDIUM,1,LM-PC-001,Missing product/commodity name on label
LM-GEN-00191,BN4709,8903460043740,Ayurvedic Churan,Health,Sunrise Foods Pvt. Ltd.,"Plot No. 14, MIDC Industrial Area, Pune, Maharashtra - 411026",50g,g,MRP Rs. 35 (Incl. of all taxes),35,Rs. 0.7 per g,03/2022,1800-890-0011,help@business.co.in,China,POOR,NON_COMPLIANT,92,LOW,1,LM-PC-010,Label text readability below minimum statutory requirement (Rule 7)
LM-GEN-00192,BN1719,8909269368597,,Household,,"SY 22/3, Edapally, Kochi, Kerala - 682024",100ml,ml,MRP Rs. 15 (Incl. of all taxes),15,Rs. 0.15 per ml,,,,Made in India,GOOD,NON_COMPLIANT,30,CRITICAL,4,LM-PC-001; LM-PC-002; LM-PC-006; LM-PC-007,Missing product/commodity name on label | Manufacturer/packer name not declared | Month and year of manufacture / packing not declared | Consumer care helpline and email not provided
LM-GEN-00193,BN4579,8909020108220,Plain Biscuits,Snacks & Bakery,,"Pologround Industrial Area, Indore, Madhya Pradesh - 452015",200g,g,MRP Rs. 180 (Incl. of all taxes),180,Rs. 0.9 per g,02/2024,1800-200-5678,care@brand.com,India,POOR,NON_COMPLIANT,77,MEDIUM,2,LM-PC-010; LM-PC-002,Label text readability below minimum statutory requirement (Rule 7) | Manufacturer/packer name not declared
LM-GEN-00194,BN3999,8909449350786,Cow Ghee,Dairy,Apex Consumer Products,"No. 7, 3rd Cross, Peenya Industrial Area, Bengaluru, Karnataka - 560058",500g,g,MRP Rs. 99 (Incl. of all taxes),99,Rs. 49.5 per l,04/2023,1800-890-0011,help@business.co.in,Bangladesh,MODERATE,COMPLIANT,100,NONE,0,None,None
LM-GEN-00195,BN3820,8902862241519,,Household,Disha Exports & Imports,"No. 34, Anna Salai, Chennai, Tamil Nadu - 600002",1000g,g,MRP Rs. 35 (Incl. of all taxes),35,Rs. 0.035 per g,04/2022,011-23456789,contact@firm.co.in,USA,MODERATE,NON_COMPLIANT,75,MEDIUM,1,LM-PC-001,Missing product/commodity name on label
LM-GEN-00196,BN5241,8905803608878,Tomato Ketchup,Condiments,Agro Vision Industries,"Kumbargaon MIDC, Ahmednagar, Maharashtra - 414003",1000g,g,MRP Rs. 1199 (Incl. of all taxes),1199,Rs. 1.199 per g,02/2023,1800-419-8900,consumer@product.in,India,MODERATE,COMPLIANT,100,NONE,0,None,None
LM-GEN-00197,BN1221,8908213548896,Hair Conditioner,Dairy,MP Agro Industries,"Pologround Industrial Area, Indore, Madhya Pradesh - 452015",350ml,ml,MRP Rs. 750 (Incl. of all taxes),750,Rs. 2.1429 per ml,10/2022,1800-419-8900,consumer@product.in,,GOOD,NON_COMPLIANT,85,LOW,1,LM-PC-008,Country of Origin declaration missing
LM-GEN-00198,BN9743,8907488448037,Eraser,Stationery,Agro Vision Industries,Kumbargaon MIDC,5N,N,MRP Rs. 75 (Incl. of all taxes),75,Rs. 15.0 per N,02/2022,011-23456789,contact@firm.co.in,Made in India,GOOD,NON_COMPLIANT,85,LOW,1,LM-PC-003,Incomplete address — PIN code / State missing
LM-GEN-00199,BN7621,8907032656343,Hair Conditioner,Personal Care,MP Agro Industries,"Pologround Industrial Area, Indore, Madhya Pradesh - 452015",350ml,ml,MRP Rs. 299,299,Rs. 0.8543 per ml,,1800-200-5678,care@brand.com,Bharat,MODERATE,NON_COMPLIANT,60,MEDIUM,2,LM-PC-005; LM-PC-006,MRP missing mandatory phrase 'inclusive of all taxes' | Month and year of manufacture / packing not declared
LM-GEN-00200,BN9465,8906196537660,Liquid Detergent,Household,Bengal Foods International,"Park Circus, Kolkata, West Bengal - 700017",500ml,ml,MRP Rs. 1199 (Incl. of all taxes),1199,Rs. 2.9975 per g,07/2023,011-23456789,contact@firm.co.in,USA,POOR,COMPLIANT,100,NONE,0,None,None
LM-GEN-00201,BN6784,8908121222839,Wheat Flour (Atta),Staples,Kerala Naturals Pvt. Ltd.,"SY 22/3, Edapally, Kochi, Kerala - 682024",5kg,kg,MRP Rs. 35 (Incl. of all taxes),35,Rs. 7.0 per kg,09/2023,1800-123-7890,info@pack.in,Made in India,POOR,COMPLIANT,100,NONE,0,None,None
LM-GEN-00202,BN1602,8905883066246,Mustard Oil,Snacks & Bakery,Apex Consumer Products,"No. 7, 3rd Cross, Peenya Industrial Area, Bengaluru, Karnataka - 560058",1000ml,ml,MRP Rs. 999,999,Rs. 0.999 per ml,02/2023,1800-123-7890,info@pack.in,India,MODERATE,NON_COMPLIANT,75,MEDIUM,1,LM-PC-005,MRP missing mandatory phrase 'inclusive of all taxes'
LM-GEN-00203,BN5455,8907639171061,Moong Dal,Pulses,Prime Industries Ltd.,"Survey 45/A, Vatva GIDC, Ahmedabad, Gujarat - 382445",1000g,g,MRP Rs. 150,150,Rs. 0.15 per g,12/2022,1800-419-8900,consumer@product.in,Germany,GOOD,NON_COMPLIANT,75,MEDIUM,1,LM-PC-005,MRP missing mandatory phrase 'inclusive of all taxes'
LM-GEN-00204,BN7206,8901185763466,,Health,Bharat Organic Farms,"Village Narsingpur, Tehsil Harda, Madhya Pradesh - 461331",200g,g,MRP Rs. 499,499,Rs. 2.495 per g,03/2023,1800-200-5678,care@brand.com,,GOOD,NON_COMPLIANT,35,CRITICAL,3,LM-PC-001; LM-PC-005; LM-PC-008,Missing product/commodity name on label | MRP missing mandatory phrase 'inclusive of all taxes' | Country of Origin declaration missing
LM-GEN-00205,BN7617,8903964435502,Drinking Water,Agriculture,Shree Ganesh Processors,"Near Water Tank, Sikar Road, Jaipur, Rajasthan - 302023",0.5l,l,MRP Rs. 550 (Incl. of all taxes),550,Rs. 1100.0 per l,01/2023,1800-103-1234,support@company.in,,GOOD,NON_COMPLIANT,85,LOW,1,LM-PC-008,Country of Origin declaration missing
LM-GEN-00206,BN2716,8903269861182,Shaving Cream,Personal Care,Apex Consumer Products,"No. 7, 3rd Cross, Peenya Industrial Area, Bengaluru, Karnataka - 560058",70g,g,MRP Rs. 250 (Incl. of all taxes),250,Rs. 3.5714 per g,10/2022,1800-200-5678,care@brand.com,India,GOOD,COMPLIANT,100,NONE,0,None,None
LM-GEN-00207,BN9510,8907095644210,Fruit Jam,Condiments,Hindustan Consumer Goods,"Andheri East, MIDC, Mumbai, Maharashtra - 400093",1000mls,mls,MRP Rs. 35 (Incl. of all taxes),35,Rs. 0.035 per g,08/2024,1800-123-7890,info@pack.in,India,POOR,NON_COMPLIANT,75,MEDIUM,1,LM-PC-004,Non-standard unit 'mls' used (must be SI: g/kg/ml/l/N/m)
LM-GEN-00208,BN6799,8906604083984,,Edible Oil,,"Survey No. 87, Rajkot Industrial Estate, Rajkot, Gujarat - 360002",500ml,ml,MRP Rs. 1199 (Incl. of all taxes),1199,Rs. 2.398 per ml,02/2023,011-23456789,contact@firm.co.in,Made in India,GOOD,NON_COMPLIANT,60,MEDIUM,2,LM-PC-001; LM-PC-002,Missing product/commodity name on label | Manufacturer/packer name not declared
LM-GEN-00209,BN3363,8903957234401,Cumin Seeds,Spices,GreenLeaf Agro Industries,"Survey No. 87, Rajkot Industrial Estate, Rajkot, Gujarat - 360002",200g,g,MRP Rs. 30 (Incl. of all taxes),30,Rs. 0.15 per g,02/2023,1800-890-0011,help@business.co.in,India,GOOD,COMPLIANT,100,NONE,0,None,None
LM-GEN-00210,BN1803,8909682575867,Eraser,Stationery,Sunrise Foods Pvt. Ltd.,"Plot No. 14, MIDC Industrial Area, Pune, Maharashtra - 411026",20N,N,MRP Rs. 1499 (Incl. of all taxes),1499,Rs. 74.95 per N,10/2022,1800-200-5678,care@brand.com,Bangladesh,MODERATE,COMPLIANT,100,NONE,0,None,None
LM-GEN-00211,BN7006,8908036422964,Shampoo,Personal Care,Disha Exports & Imports,No. 34,200Gms,Gms,MRP Rs. 1199 (Incl. of all taxes),1199,Rs. 5.995 per ml,01/2024,1800-123-7890,info@pack.in,India,MODERATE,NON_COMPLIANT,60,MEDIUM,2,LM-PC-004; LM-PC-003,Non-standard unit 'Gms' used (must be SI: g/kg/ml/l/N/m) | Incomplete address — PIN code / State missing
LM-GEN-00212,BN3593,8905658670514,Red Chilli Powder,Spices,,"No. 7, 3rd Cross, Peenya Industrial Area, Bengaluru, Karnataka - 560058",100g,g,MRP Rs. 299 (Incl. of all taxes),299,Rs. 2.99 per g,09/2023,1800-890-0011,help@business.co.in,,GOOD,NON_COMPLIANT,70,MEDIUM,2,LM-PC-002; LM-PC-008,Manufacturer/packer name not declared | Country of Origin declaration missing
LM-GEN-00213,BN1600,8908647536867,Ayurvedic Churan,Health,National Packaged Goods Ltd.,"B-12, Okhla Industrial Phase II, New Delhi - 110020",200g,g,MRP Rs. 150 (Incl. of all taxes),150,Rs. 0.75 per g,10/2022,011-23456789,contact@firm.co.in,India,GOOD,COMPLIANT,100,NONE,0,None,None
LM-GEN-00214,BN8652,8908542168530,Cumin Seeds,Spices,,Sector 63,200g,g,MRP Rs. 350 (Incl. of all taxes),350,Rs. 1.75 per g,01/2022,,,Manufactured in India,MODERATE,NON_COMPLIANT,55,HIGH,3,LM-PC-002; LM-PC-003; LM-PC-007,Manufacturer/packer name not declared | Incomplete address — PIN code / State missing | Consumer care helpline and email not provided
LM-GEN-00215,BN8670,8902911910644,Coriander Powder,Spices,Agro Vision Industries,"Kumbargaon MIDC, Ahmednagar, Maharashtra - 414003",100g,g,MRP Rs. 15,15,Rs. 0.15 per g,05/2023,1800-200-5678,care@brand.com,Germany,POOR,NON_COMPLIANT,67,MEDIUM,2,LM-PC-005; LM-PC-010,MRP missing mandatory phrase 'inclusive of all taxes' | Label text readability below minimum statutory requirement (Rule 7)
LM-GEN-00216,BN6345,8908537263266,,Stationery,TechPack Solutions,"EPIP Zone, Whitefield, Bengaluru, Karnataka - 560066",200ml,ml,MRP Rs. 750 (Incl. of all taxes),750,Rs. 3.75 per ml,07/2023,011-23456789,contact@firm.co.in,Germany,GOOD,NON_COMPLIANT,75,MEDIUM,1,LM-PC-001,Missing product/commodity name on label
LM-GEN-00217,BN9532,8906150821456,Fruit Juice (Tetra Pack),Beverages,Royal Produce Pvt. Ltd.,"NH-44 Bypass Road, Hyderabad, Telangana - 500072",200ml,ml,MRP Rs. 299,299,Rs. 1.495 per ml,,1800-572-3344,grievance@goods.in,Bharat,GOOD,NON_COMPLIANT,60,MEDIUM,2,LM-PC-005; LM-PC-006,MRP missing mandatory phrase 'inclusive of all taxes' | Month and year of manufacture / packing not declared
LM-GEN-00218,BN7559,8905076658821,Mustard Oil,Edible Oil,Apex Consumer Products,No. 7,500Gms,Gms,MRP Rs. 350 (Incl. of all taxes),350,Rs. 0.7 per ml,06/2023,011-23456789,contact@firm.co.in,India,MODERATE,NON_COMPLIANT,60,MEDIUM,2,LM-PC-004; LM-PC-003,Non-standard unit 'Gms' used (must be SI: g/kg/ml/l/N/m) | Incomplete address — PIN code / State missing
LM-GEN-00219,BN7146,8908028137596,Turmeric Powder,Agriculture,Royal Produce Pvt. Ltd.,"NH-44 Bypass Road, Hyderabad, Telangana - 500072",400mls,mls,MRP Rs. 30 (Incl. of all taxes),30,Rs. 0.075 per g,04/2023,1800-200-5678,care@brand.com,Manufactured in India,MODERATE,NON_COMPLIANT,75,MEDIUM,1,LM-PC-004,Non-standard unit 'mls' used (must be SI: g/kg/ml/l/N/m)
LM-GEN-00220,BN9146,8906203075949,Fertilizer (NPK),Agriculture,TechPack Solutions,"EPIP Zone, Whitefield, Bengaluru, Karnataka - 560066",1kg,kg,MRP Rs. 50 (Incl. of all taxes),50,Rs. 50.0 per kg,01/2024,1800-103-1234,support@company.in,USA,GOOD,COMPLIANT,100,NONE,0,None,None
LM-GEN-00221,BN6660,8909342062511,Digestive Tablets,Health,,Chandaka Industrial Estate,60N,N,MRP Rs. 35 (Incl. of all taxes),35,Rs. 0.5833 per N,02/2023,,,Bharat,POOR,NON_COMPLIANT,55,HIGH,3,LM-PC-002; LM-PC-003; LM-PC-007,Manufacturer/packer name not declared | Incomplete address — PIN code / State missing | Consumer care helpline and email not provided
LM-GEN-00222,BN6478,8906173715393,Cream Biscuits,Snacks & Bakery,Prime Industries Ltd.,"Survey 45/A, Vatva GIDC, Ahmedabad, Gujarat - 382445",200g,g,MRP Rs. 499 (Incl. of all taxes),499,,02/2023,1800-572-3344,grievance@goods.in,Manufactured in India,POOR,NON_COMPLIANT,92,LOW,1,LM-PC-009,Unit Sale Price (USP) not declared
LM-GEN-00223,BN1332,8902165719139,Tea Bags,Beverages,Hindustan Consumer Goods,"Andheri East, MIDC, Mumbai, Maharashtra - 400093",200g,g,MRP Rs. 450 (Incl. of all taxes),450,Rs. 2.25 per g,01/2023,1800-890-0011,help@business.co.in,Manufactured in India,MODERATE,COMPLIANT,100,NONE,0,None,None
LM-GEN-00224,BN1254,8909482040896,Rock Salt,Staples,Royal Produce Pvt. Ltd.,"NH-44 Bypass Road, Hyderabad, Telangana - 500072",500g,g,MRP Rs. 299 (Incl. of all taxes),299,Rs. 0.598 per g,08/2022,1800-123-7890,info@pack.in,India,GOOD,COMPLIANT,100,NONE,0,None,None
LM-GEN-00225,BN6941,8909791927146,Hybrid Tomato Seeds,Agriculture,Pushpak Packaging Pvt. Ltd.,"Industrial Area Phase 1, Chandigarh - 160002",10g,g,MRP Rs. 15 (Incl. of all taxes),15,Rs. 1.5 per g,01/2022,1800-123-7890,info@pack.in,China,GOOD,COMPLIANT,100,NONE,0,None,None
LM-GEN-00226,BN4257,8902064454438,Paneer,Dairy,National Packaged Goods Ltd.,"B-12, Okhla Industrial Phase II, New Delhi - 110020",200g,g,MRP Rs. 20 (Incl. of all taxes),20,Rs. 2.0 per kg,09/2023,1800-103-1234,support@company.in,Bharat,MODERATE,COMPLIANT,100,NONE,0,None,None
LM-GEN-00227,BN7120,8904259970892,Fruit Juice (Tetra Pack),Beverages,Pushpak Packaging Pvt. Ltd.,"Industrial Area Phase 1, Chandigarh - 160002",200ml,ml,MRP Rs. 450 (Incl. of all taxes),450,,03/2024,1800-890-0011,help@business.co.in,Bharat,MODERATE,NON_COMPLIANT,92,LOW,1,LM-PC-009,Unit Sale Price (USP) not declared
LM-GEN-00228,BN6567,8902552210895,Plain Biscuits,Snacks & Bakery,TechPack Solutions,"EPIP Zone, Whitefield, Bengaluru, Karnataka - 560066",100g,g,MRP Rs. 15,15,,09/2023,1800-123-7890,info@pack.in,,POOR,NON_COMPLIANT,44,HIGH,4,LM-PC-005; LM-PC-008; LM-PC-009; LM-PC-010,MRP missing mandatory phrase 'inclusive of all taxes' | Country of Origin declaration missing | Unit Sale Price (USP) not declared | Label text readability below minimum statutory requirement (Rule 7)
LM-GEN-00229,BN4909,8902787839370,Curd (Dahi),Dairy,Shree Ganesh Processors,"Near Water Tank, Sikar Road, Jaipur, Rajasthan - 302023",200g,g,MRP Rs. 499 (Incl. of all taxes),499,Rs. 2.495 per g,12/2022,1800-572-3344,grievance@goods.in,,POOR,NON_COMPLIANT,85,LOW,1,LM-PC-008,Country of Origin declaration missing
LM-GEN-00230,BN5736,8904063010233,Red Chilli Powder,Beverages,Bengal Foods International,"Park Circus, Kolkata, West Bengal - 700017",100g,g,MRP Rs. 200 (Incl. of all taxes),200,Rs. 2.0 per g,02/2022,1800-123-7890,info@pack.in,China,POOR,NON_COMPLIANT,92,LOW,1,LM-PC-010,Label text readability below minimum statutory requirement (Rule 7)
LM-GEN-00231,BN9736,8901062796671,Namkeen Mix,Snacks & Bakery,,Plot No. 14,125g,g,MRP Rs. 99 (Incl. of all taxes),99,Rs. 0.792 per g,,1800-419-8900,consumer@product.in,India,MODERATE,NON_COMPLIANT,55,HIGH,3,LM-PC-002; LM-PC-003; LM-PC-006,Manufacturer/packer name not declared | Incomplete address — PIN code / State missing | Month and year of manufacture / packing not declared
LM-GEN-00232,BN8513,8906296307290,,Health,Bengal Foods International,"Park Circus, Kolkata, West Bengal - 700017",30N,N,MRP Rs. 650,650,Rs. 21.6667 per N,07/2022,1800-890-0011,help@business.co.in,,GOOD,NON_COMPLIANT,35,CRITICAL,3,LM-PC-001; LM-PC-005; LM-PC-008,Missing product/commodity name on label | MRP missing mandatory phrase 'inclusive of all taxes' | Country of Origin declaration missing
LM-GEN-00233,BN1329,8904484236499,Multivitamin Tablets,Health,Hindustan Consumer Goods,"Andheri East, MIDC, Mumbai, Maharashtra - 400093",120N,N,MRP Rs. 120 (Incl. of all taxes),120,Rs. 1.0 per N,07/2023,1800-419-8900,consumer@product.in,USA,MODERATE,COMPLIANT,100,NONE,0,None,None
LM-GEN-00234,BN3342,8906834465384,Chana Dal,Pulses,MP Agro Industries,"Pologround Industrial Area, Indore, Madhya Pradesh - 452015",500kilos,kilos,MRP Rs. 9.5 (Incl. of all taxes),9.5,Rs. 0.019 per g,01/2023,,,USA,GOOD,NON_COMPLIANT,60,MEDIUM,2,LM-PC-007; LM-PC-004,Consumer care helpline and email not provided | Non-standard unit 'kilos' used (must be SI: g/kg/ml/l/N/m)
LM-GEN-00235,BN4618,8905777571015,Fabric Softener,Household,Pushpak Packaging Pvt. Ltd.,Industrial Area Phase 1,250ml,ml,MRP Rs. 650 (Incl. of all taxes),650,Rs. 2.6 per ml,,011-23456789,contact@firm.co.in,Made in India,GOOD,NON_COMPLIANT,70,MEDIUM,2,LM-PC-003; LM-PC-006,Incomplete address — PIN code / State missing | Month and year of manufacture / packing not declared
LM-GEN-00236,BN7418,8904833953327,Pesticide Spray,Agriculture,Odisha Produce Ltd.,"Chandaka Industrial Estate, Bhubaneswar, Odisha - 751024",500ml,ml,MRP Rs. 50 (Incl. of all taxes),50,,03/2022,011-23456789,contact@firm.co.in,,MODERATE,NON_COMPLIANT,77,MEDIUM,2,LM-PC-008; LM-PC-009,Country of Origin declaration missing | Unit Sale Price (USP) not declared
LM-GEN-00237,BN2819,8904443429845,Deodorant Spray,Spices,,"Survey 45/A, Vatva GIDC, Ahmedabad, Gujarat - 382445",75ml,ml,MRP Rs. 299 (Incl. of all taxes),299,Rs. 3.9867 per ml,02/2023,1800-572-3344,grievance@goods.in,India,MODERATE,NON_COMPLIANT,85,LOW,1,LM-PC-002,Manufacturer/packer name not declared
LM-GEN-00238,BN9637,8909365266569,Lip Balm,Personal Care,Hindustan Consumer Goods,"Andheri East, MIDC, Mumbai, Maharashtra - 400093",2g,g,MRP Rs. 50 (Incl. of all taxes),50,Rs. 25.0 per g,,1800-419-8900,consumer@product.in,Germany,MODERATE,NON_COMPLIANT,85,LOW,1,LM-PC-006,Month and year of manufacture / packing not declared
LM-GEN-00239,BN9843,8903974741381,Sugar,Staples,MP Agro Industries,"Pologround Industrial Area, Indore, Madhya Pradesh - 452015",0.5kg,kg,MRP Rs. 1499,1499,,07/2024,1800-890-0011,help@business.co.in,,POOR,NON_COMPLIANT,44,HIGH,4,LM-PC-010; LM-PC-009; LM-PC-008; LM-PC-005,Label text readability below minimum statutory requirement (Rule 7) | Unit Sale Price (USP) not declared | Country of Origin declaration missing | MRP missing mandatory phrase 'inclusive of all taxes'
LM-GEN-00240,BN9323,8908994276323,Fertilizer (NPK),Agriculture,TechPack Solutions,"EPIP Zone, Whitefield, Bengaluru, Karnataka - 560066",1kg,kg,MRP Rs. 50 (Incl. of all taxes),50,Rs. 0.25 per g,03/2023,1800-200-5678,care@brand.com,India,GOOD,COMPLIANT,100,NONE,0,None,None
LM-GEN-00241,BN1565,8904520398254,,Dairy,Bharat Organic Farms,"Village Narsingpur, Tehsil Harda, Madhya Pradesh - 461331",125g,g,MRP Rs. 1499 (Incl. of all taxes),1499,Rs. 11.992 per g,11/2023,1800-200-5678,care@brand.com,USA,MODERATE,NON_COMPLIANT,75,MEDIUM,1,LM-PC-001,Missing product/commodity name on label
LM-GEN-00242,BN1422,8909699809680,Cream Biscuits,Snacks & Bakery,Shree Ganesh Processors,"Near Water Tank, Sikar Road, Jaipur, Rajasthan - 302023",100g,g,MRP Rs. 650 (Incl. of all taxes),650,Rs. 1.625 per g,12/2022,1800-103-1234,support@company.in,India,POOR,COMPLIANT,100,NONE,0,None,None
LM-GEN-00243,BN8968,8908830546038,Full Cream Milk Powder,Dairy,Apex Consumer Products,"No. 7, 3rd Cross, Peenya Industrial Area, Bengaluru, Karnataka - 560058",500g,g,MRP Rs. 30 (Incl. of all taxes),30,Rs. 0.06 per g,05/2022,1800-200-5678,care@brand.com,India,MODERATE,COMPLIANT,100,NONE,0,None,None
LM-GEN-00244,BN6924,8907438394404,Body Lotion,Personal Care,Bharat Organic Farms,"Village Narsingpur, Tehsil Harda, Madhya Pradesh - 461331",400ml,ml,MRP Rs. 15 (Incl. of all taxes),15,Rs. 0.0375 per ml,11/2023,1800-123-7890,info@pack.in,Bharat,GOOD,COMPLIANT,100,NONE,0,None,None
LM-GEN-00245,BN1410,8901621398204,Carbonated Soft Drink,Staples,Prime Industries Ltd.,"Survey 45/A, Vatva GIDC, Ahmedabad, Gujarat - 382445",250ml,ml,MRP Rs. 50 (Incl. of all taxes),50,Rs. 0.2 per ml,07/2024,1800-103-1234,support@company.in,Manufactured in India,POOR,NON_COMPLIANT,92,LOW,1,LM-PC-010,Label text readability below minimum statutory requirement (Rule 7)
LM-GEN-00246,BN4458,8905373708672,Tomato Ketchup,Condiments,Kerala Naturals Pvt. Ltd.,SY 22/3,250g,g,MRP Rs. 299 (Incl. of all taxes),299,Rs. 1.196 per g,,1800-419-8900,consumer@product.in,Germany,MODERATE,NON_COMPLIANT,70,MEDIUM,2,LM-PC-006; LM-PC-003,Month and year of manufacture / packing not declared | Incomplete address — PIN code / State missing
LM-GEN-00247,BN3777,8905022566391,Digestive Tablets,Health,Shree Ganesh Processors,"Near Water Tank, Sikar Road, Jaipur, Rajasthan - 302023",30gms,gms,MRP Rs. 1199,1199,Rs. 39.9667 per N,07/2022,1800-419-8900,consumer@product.in,Made in India,GOOD,NON_COMPLIANT,50,HIGH,2,LM-PC-004; LM-PC-005,Non-standard unit 'gms' used (must be SI: g/kg/ml/l/N/m) | MRP missing mandatory phrase 'inclusive of all taxes'
LM-GEN-00248,BN6872,8907739274552,Fruit Juice (Tetra Pack),Beverages,Bharat Organic Farms,"Village Narsingpur, Tehsil Harda, Madhya Pradesh - 461331",100ml,ml,MRP Rs. 650 (Incl. of all taxes),650,Rs. 6.5 per ml,03/2022,1800-123-7890,info@pack.in,Made in India,POOR,COMPLIANT,100,NONE,0,None,None
LM-GEN-00249,BN2209,8909644909782,,Household,,"NH-44 Bypass Road, Hyderabad, Telangana - 500072",1000ml,ml,MRP Rs. 20 (Incl. of all taxes),20,Rs. 0.02 per ml,,,,China,GOOD,NON_COMPLIANT,30,CRITICAL,4,LM-PC-001; LM-PC-002; LM-PC-006; LM-PC-007,Missing product/commodity name on label | Manufacturer/packer name not declared | Month and year of manufacture / packing not declared | Consumer care helpline and email not provided
LM-GEN-00250,BN3468,8902777571432,Tea Bags,Beverages,Agro Vision Industries,"Kumbargaon MIDC, Ahmednagar, Maharashtra - 414003",50mls,mls,MRP Rs. 1199 (Incl. of all taxes),1199,Rs. 23.98 per g,12/2022,1800-419-8900,consumer@product.in,India,GOOD,NON_COMPLIANT,75,MEDIUM,1,LM-PC-004,Non-standard unit 'mls' used (must be SI: g/kg/ml/l/N/m)
LM-GEN-00251,BN8086,8901862988309,Protein Supplement,Spices,Star FMCG Corporation,"Sector 63, NOIDA, Uttar Pradesh - 201301",500g,g,MRP Rs. 250 (Incl. of all taxes),250,Rs. 0.5 per g,07/2023,,,Manufactured in India,GOOD,NON_COMPLIANT,85,LOW,1,LM-PC-007,Consumer care helpline and email not provided
LM-GEN-00252,BN1387,8906714660362,Tea Bags,Beverages,Royal Produce Pvt. Ltd.,"NH-44 Bypass Road, Hyderabad, Telangana - 500072",100g,g,MRP Rs. 850 (Incl. of all taxes),850,Rs. 2.125 per g,03/2023,1800-123-7890,info@pack.in,Made in India,GOOD,COMPLIANT,100,NONE,0,None,None
LM-GEN-00253,BN2948,8901268309749,,Household,Kerala Naturals Pvt. Ltd.,"SY 22/3, Edapally, Kochi, Kerala - 682024",1000ml,ml,MRP Rs. 499,499,Rs. 0.499 per ml,11/2023,1800-200-5678,care@brand.com,,GOOD,NON_COMPLIANT,35,CRITICAL,3,LM-PC-001; LM-PC-005; LM-PC-008,Missing product/commodity name on label | MRP missing mandatory phrase 'inclusive of all taxes' | Country of Origin declaration missing
LM-GEN-00254,BN2445,8906272321601,Carbonated Soft Drink,Snacks & Bakery,JR Manufacturing,"K-18, RIICO Industrial Area, Bhiwadi, Rajasthan - 301019",500ml,ml,MRP Rs. 999 (Incl. of all taxes),999,Rs. 1.998 per ml,04/2023,1800-890-0011,help@business.co.in,Manufactured in India,POOR,NON_COMPLIANT,92,LOW,1,LM-PC-010,Label text readability below minimum statutory requirement (Rule 7)
LM-GEN-00255,BN5446,8901902077680,Mustard Oil,Edible Oil,,"K-18, RIICO Industrial Area, Bhiwadi, Rajasthan - 301019",500ml,ml,MRP Rs. 1499 (Incl. of all taxes),1499,Rs. 2.998 per ml,01/2023,1800-123-7890,info@pack.in,,GOOD,NON_COMPLIANT,70,MEDIUM,2,LM-PC-002; LM-PC-008,Manufacturer/packer name not declared | Country of Origin declaration missing
LM-GEN-00256,BN2133,8909992325844,Pickle (Achar),Condiments,MP Agro Industries,"Pologround Industrial Area, Indore, Madhya Pradesh - 452015",200g,g,MRP Rs. 350 (Incl. of all taxes),350,Rs. 1.75 per g,,1800-103-1234,support@company.in,Manufactured in India,POOR,NON_COMPLIANT,85,LOW,1,LM-PC-006,Month and year of manufacture / packing not declared
LM-GEN-00257,BN5393,8909276645524,,Pulses,Apex Consumer Products,"No. 7, 3rd Cross, Peenya Industrial Area, Bengaluru, Karnataka - 560058",1kg,kg,MRP Rs. 200,200,Rs. 200.0 per kg,11/2022,1800-890-0011,help@business.co.in,,GOOD,NON_COMPLIANT,35,CRITICAL,3,LM-PC-001; LM-PC-005; LM-PC-008,Missing product/commodity name on label | MRP missing mandatory phrase 'inclusive of all taxes' | Country of Origin declaration missing
LM-GEN-00258,BN9819,8901577342169,Toilet Cleaner,Household,Sunrise Foods Pvt. Ltd.,"Plot No. 14, MIDC Industrial Area, Pune, Maharashtra - 411026",250ml,ml,MRP Rs. 35 (Incl. of all taxes),35,Rs. 0.14 per ml,07/2022,1800-419-8900,consumer@product.in,Bharat,GOOD,COMPLIANT,100,NONE,0,None,None
LM-GEN-00259,BN5548,8905893861274,Drinking Water,Beverages,,"B-12, Okhla Industrial Phase II, New Delhi - 110020",0.5l,l,MRP Rs. 250 (Incl. of all taxes),250,Rs. 500.0 per l,01/2023,1800-572-3344,grievance@goods.in,,GOOD,NON_COMPLIANT,70,MEDIUM,2,LM-PC-002; LM-PC-008,Manufacturer/packer name not declared | Country of Origin declaration missing
LM-GEN-00260,BN7620,8901322978673,Toothbrush,Personal Care,Apex Consumer Products,"No. 7, 3rd Cross, Peenya Industrial Area, Bengaluru, Karnataka - 560058",2N,N,MRP Rs. 25 (Incl. of all taxes),25,Rs. 12.5 per N,12/2022,1800-419-8900,consumer@product.in,Bangladesh,GOOD,COMPLIANT,100,NONE,0,None,None
LM-GEN-00261,BN1465,8901167215107,Digestive Tablets,Spices,Shree Ganesh Processors,"Near Water Tank, Sikar Road, Jaipur, Rajasthan - 302023",15N,N,MRP Rs. 9.5 (Incl. of all taxes),9.5,Rs. 0.6333 per N,07/2022,1800-200-5678,care@brand.com,,GOOD,NON_COMPLIANT,85,LOW,1,LM-PC-008,Country of Origin declaration missing
LM-GEN-00262,BN1186,8906337813280,Ayurvedic Churan,Health,Kerala Naturals Pvt. Ltd.,"SY 22/3, Edapally, Kochi, Kerala - 682024",100g,g,MRP Rs. 750 (Incl. of all taxes),750,Rs. 15.0 per ml,05/2024,1800-123-7890,info@pack.in,Bangladesh,GOOD,COMPLIANT,100,NONE,0,None,None
LM-GEN-00263,BN6213,8902518701170,Curd (Dahi),Dairy,Disha Exports & Imports,"No. 34, Anna Salai, Chennai, Tamil Nadu - 600002",400g,g,MRP Rs. 15 (Incl. of all taxes),15,Rs. 0.0375 per g,12/2022,1800-419-8900,consumer@product.in,Manufactured in India,MODERATE,COMPLIANT,100,NONE,0,None,None
LM-GEN-00264,BN9720,8906691250393,Adhesive Tape,Stationery,National Packaged Goods Ltd.,"B-12, Okhla Industrial Phase II, New Delhi - 110020",25m,m,MRP Rs. 399 (Incl. of all taxes),399,Rs. 1.995 per ml,11/2023,011-23456789,contact@firm.co.in,Bangladesh,MODERATE,COMPLIANT,100,NONE,0,None,None
LM-GEN-00265,BN5218,8909024295306,Hybrid Tomato Seeds,Agriculture,Agro Vision Industries,"Kumbargaon MIDC, Ahmednagar, Maharashtra - 414003",10g,g,MRP Rs. 1499 (Incl. of all taxes),1499,Rs. 3.7475 per ml,06/2022,1800-419-8900,consumer@product.in,India,GOOD,COMPLIANT,100,NONE,0,None,None
LM-GEN-00266,BN8955,8906540804836,Extra Virgin Olive Oil,Edible Oil,TechPack Solutions,"EPIP Zone, Whitefield, Bengaluru, Karnataka - 560066",250ml,ml,MRP Rs. 50 (Incl. of all taxes),50,Rs. 0.2 per g,09/2022,1800-890-0011,help@business.co.in,China,GOOD,COMPLIANT,100,NONE,0,None,None
LM-GEN-00267,BN5272,8909918789097,Fruit Jam,Condiments,GreenLeaf Agro Industries,"Survey No. 87, Rajkot Industrial Estate, Rajkot, Gujarat - 360002",500g,g,MRP Rs. 30 (Incl. of all taxes),30,Rs. 0.06 per g,09/2022,1800-890-0011,help@business.co.in,India,MODERATE,COMPLIANT,100,NONE,0,None,None
LM-GEN-00268,BN9847,8905696412370,Eraser,Stationery,Pushpak Packaging Pvt. Ltd.,"Industrial Area Phase 1, Chandigarh - 160002",10N,N,MRP Rs. 650 (Incl. of all taxes),650,Rs. 65.0 per N,05/2023,1800-890-0011,help@business.co.in,Germany,POOR,COMPLIANT,100,NONE,0,None,None
LM-GEN-00269,BN5191,8907916765764,Adhesive Tape,Stationery,Star FMCG Corporation,"Sector 63, NOIDA, Uttar Pradesh - 201301",12.5m,m,MRP Rs. 9.5 (Incl. of all taxes),9.5,Rs. 0.76 per m,,1800-103-1234,support@company.in,India,GOOD,NON_COMPLIANT,85,LOW,1,LM-PC-006,Month and year of manufacture / packing not declared
LM-GEN-00270,BN4985,8905806858191,Carbonated Soft Drink,Beverages,Shree Ganesh Processors,"Near Water Tank, Sikar Road, Jaipur, Rajasthan - 302023",500ml,ml,MRP Rs. 150 (Incl. of all taxes),150,Rs. 0.3 per ml,08/2022,011-23456789,contact@firm.co.in,USA,MODERATE,COMPLIANT,100,NONE,0,None,None
LM-GEN-00271,BN2647,8903843043655,,Personal Care,TechPack Solutions,"EPIP Zone, Whitefield, Bengaluru, Karnataka - 560066",50ml,ml,MRP Rs. 550 (Incl. of all taxes),550,Rs. 11.0 per ml,12/2022,1800-123-7890,info@pack.in,India,POOR,NON_COMPLIANT,67,MEDIUM,2,LM-PC-010; LM-PC-001,Label text readability below minimum statutory requirement (Rule 7) | Missing product/commodity name on label
LM-GEN-00272,BN5429,8903178998708,Namkeen Mix,Snacks & Bakery,Hindustan Consumer Goods,"Andheri East, MIDC, Mumbai, Maharashtra - 400093",125g,g,MRP Rs. 1199 (Incl. of all taxes),1199,Rs. 9.592 per g,08/2024,011-23456789,contact@firm.co.in,India,GOOD,COMPLIANT,100,NONE,0,None,None
LM-GEN-00273,BN9292,8908439190229,Deodorant Spray,Personal Care,Odisha Produce Ltd.,"Chandaka Industrial Estate, Bhubaneswar, Odisha - 751024",150ml,ml,MRP Rs. 999,999,Rs. 6.66 per ml,06/2023,1800-572-3344,grievance@goods.in,Germany,GOOD,NON_COMPLIANT,75,MEDIUM,1,LM-PC-005,MRP missing mandatory phrase 'inclusive of all taxes'
LM-GEN-00274,BN2787,8906475236509,Red Chilli Powder,Spices,Pushpak Packaging Pvt. Ltd.,"Industrial Area Phase 1, Chandigarh - 160002",100g,g,MRP Rs. 1499 (Incl. of all taxes),1499,Rs. 14.99 per g,02/2023,1800-419-8900,consumer@product.in,India,GOOD,COMPLIANT,100,NONE,0,None,None
LM-GEN-00275,BN8252,8902844469750,,Edible Oil,Odisha Produce Ltd.,"Chandaka Industrial Estate, Bhubaneswar, Odisha - 751024",500lts,lts,MRP Rs. 650,650,Rs. 1.3 per ml,,1800-419-8900,consumer@product.in,USA,GOOD,NON_COMPLIANT,10,CRITICAL,4,LM-PC-001; LM-PC-006; LM-PC-005; LM-PC-004,Missing product/commodity name on label | Month and year of manufacture / packing not declared | MRP missing mandatory phrase 'inclusive of all taxes' | Non-standard unit 'lts' used (must be SI: g/kg/ml/l/N/m)
LM-GEN-00276,BN8167,8907740078143,,Health,Royal Produce Pvt. Ltd.,"NH-44 Bypass Road, Hyderabad, Telangana - 500072",1000g,g,MRP Rs. 20 (Incl. of all taxes),20,Rs. 0.02 per g,04/2022,,,USA,MODERATE,NON_COMPLIANT,60,MEDIUM,2,LM-PC-007; LM-PC-001,Consumer care helpline and email not provided | Missing product/commodity name on label
LM-GEN-00277,BN9023,8904067426448,Hair Oil,Household,Shree Ganesh Processors,"Near Water Tank, Sikar Road, Jaipur, Rajasthan - 302023",100ml,ml,MRP Rs. 550 (Incl. of all taxes),550,Rs. 5.5 per ml,07/2023,,,Made in India,POOR,NON_COMPLIANT,85,LOW,1,LM-PC-007,Consumer care helpline and email not provided
LM-GEN-00278,BN8632,8907383696366,Cream Biscuits,Snacks & Bakery,Agro Vision Industries,"Kumbargaon MIDC, Ahmednagar, Maharashtra - 414003",50g,g,MRP Rs. 750 (Incl. of all taxes),750,,01/2023,1800-123-7890,info@pack.in,,GOOD,NON_COMPLIANT,77,MEDIUM,2,LM-PC-008; LM-PC-009,Country of Origin declaration missing | Unit Sale Price (USP) not declared
LM-GEN-00279,BN4195,8903044184654,,Agriculture,,"EPIP Zone, Whitefield, Bengaluru, Karnataka - 560066",0.5kg,kg,MRP Rs. 750,750,Rs. 1500.0 per kg,09/2024,,,China,MODERATE,NON_COMPLIANT,20,CRITICAL,4,LM-PC-001; LM-PC-005; LM-PC-002; LM-PC-007,Missing product/commodity name on label | MRP missing mandatory phrase 'inclusive of all taxes' | Manufacturer/packer name not declared | Consumer care helpline and email not provided
LM-GEN-00280,BN3888,8902828381722,,Condiments,,"B-12, Okhla Industrial Phase II, New Delhi - 110020",1000g,g,MRP Rs. 1199 (Incl. of all taxes),1199,Rs. 1.199 per g,05/2023,1800-123-7890,info@pack.in,India,GOOD,NON_COMPLIANT,60,MEDIUM,2,LM-PC-001; LM-PC-002,Missing product/commodity name on label | Manufacturer/packer name not declared
LM-GEN-00281,BN8750,8903971505160,,Staples,,"Survey 45/A, Vatva GIDC, Ahmedabad, Gujarat - 382445",5kg,kg,MRP Rs. 499 (Incl. of all taxes),499,Rs. 99.8 per kg,05/2024,1800-890-0011,help@business.co.in,,MODERATE,NON_COMPLIANT,45,HIGH,3,LM-PC-008; LM-PC-002; LM-PC-001,Country of Origin declaration missing | Manufacturer/packer name not declared | Missing product/commodity name on label
LM-GEN-00282,BN7325,8902816256516,Mustard Oil,Edible Oil,Evergreen Manufacturing Co.,"Phase II, Industrial Zone, Ludhiana, Punjab - 141010",500ml,ml,MRP Rs. 180 (Incl. of all taxes),180,Rs. 0.36 per ml,06/2023,1800-572-3344,grievance@goods.in,China,GOOD,COMPLIANT,100,NONE,0,None,None
LM-GEN-00283,BN6398,8904587086063,Cream Biscuits,Snacks & Bakery,Bharat Organic Farms,"Village Narsingpur, Tehsil Harda, Madhya Pradesh - 461331",100Kgs,Kgs,MRP Rs. 75,75,Rs. 0.75 per g,06/2024,1800-123-7890,info@pack.in,Bharat,GOOD,NON_COMPLIANT,50,HIGH,2,LM-PC-004; LM-PC-005,Non-standard unit 'Kgs' used (must be SI: g/kg/ml/l/N/m) | MRP missing mandatory phrase 'inclusive of all taxes'
LM-GEN-00284,BN3147,8901080101667,Basmati Rice,Pulses,National Packaged Goods Ltd.,"B-12, Okhla Industrial Phase II, New Delhi - 110020",0.5kg,kg,MRP Rs. 650 (Incl. of all taxes),650,Rs. 1300.0 per kg,11/2022,1800-103-1234,support@company.in,,MODERATE,NON_COMPLIANT,85,LOW,1,LM-PC-008,Country of Origin declaration missing
LM-GEN-00285,BN7443,8903185113890,Body Lotion,Personal Care,Prime Industries Ltd.,"Survey 45/A, Vatva GIDC, Ahmedabad, Gujarat - 382445",400ml,ml,MRP Rs. 499 (Incl. of all taxes),499,Rs. 499.0 per kg,02/2022,1800-123-7890,info@pack.in,Bangladesh,MODERATE,COMPLIANT,100,NONE,0,None,None
LM-GEN-00286,BN9452,8903689732331,Full Cream Milk Powder,Household,Prime Industries Ltd.,"Survey 45/A, Vatva GIDC, Ahmedabad, Gujarat - 382445",1000Liters,Liters,MRP Rs. 180 (Incl. of all taxes),180,Rs. 0.18 per g,10/2023,1800-890-0011,help@business.co.in,India,GOOD,NON_COMPLIANT,75,MEDIUM,1,LM-PC-004,Non-standard unit 'Liters' used (must be SI: g/kg/ml/l/N/m)
LM-GEN-00287,BN9670,8903376381237,,Pulses,,"Andheri East, MIDC, Mumbai, Maharashtra - 400093",250g,g,MRP Rs. 200 (Incl. of all taxes),200,Rs. 0.8 per g,,,,India,GOOD,NON_COMPLIANT,30,CRITICAL,4,LM-PC-001; LM-PC-002; LM-PC-006; LM-PC-007,Missing product/commodity name on label | Manufacturer/packer name not declared | Month and year of manufacture / packing not declared | Consumer care helpline and email not provided
LM-GEN-00288,BN6322,8906510165622,Pickle (Achar),Condiments,Royal Produce Pvt. Ltd.,"NH-44 Bypass Road, Hyderabad, Telangana - 500072",200g,g,MRP Rs. 120 (Incl. of all taxes),120,Rs. 0.6 per g,02/2022,1800-103-1234,support@company.in,India,MODERATE,COMPLIANT,100,NONE,0,None,None
LM-GEN-00289,BN9108,8903111507523,Wheat Flour (Atta),Staples,,Survey 45/A,10kg,kg,MRP Rs. 35 (Incl. of all taxes),35,,11/2023,1800-200-5678,care@brand.com,Made in India,POOR,NON_COMPLIANT,54,HIGH,4,LM-PC-003; LM-PC-009; LM-PC-002; LM-PC-010,Incomplete address — PIN code / State missing | Unit Sale Price (USP) not declared | Manufacturer/packer name not declared | Label text readability below minimum statutory requirement (Rule 7)
LM-GEN-00290,BN6807,8908311531548,Shampoo,Personal Care,Star FMCG Corporation,"Sector 63, NOIDA, Uttar Pradesh - 201301",200ml,ml,MRP Rs. 9.5 (Incl. of all taxes),9.5,Rs. 0.095 per g,08/2024,011-23456789,contact@firm.co.in,Manufactured in India,GOOD,COMPLIANT,100,NONE,0,None,None
LM-GEN-00291,BN7477,8906009628095,Hair Conditioner,Personal Care,JR Manufacturing,"K-18, RIICO Industrial Area, Bhiwadi, Rajasthan - 301019",175kilos,kilos,MRP Rs. 200 (Incl. of all taxes),200,,05/2024,,,India,POOR,NON_COMPLIANT,52,HIGH,3,LM-PC-009; LM-PC-007; LM-PC-004,Unit Sale Price (USP) not declared | Consumer care helpline and email not provided | Non-standard unit 'kilos' used (must be SI: g/kg/ml/l/N/m)
LM-GEN-00292,BN7457,8902886415566,Butter,Dairy,,"No. 34, Anna Salai, Chennai, Tamil Nadu - 600002",100g,g,MRP Rs. 120 (Incl. of all taxes),120,Rs. 1.2 per g,03/2023,1800-123-7890,info@pack.in,,POOR,NON_COMPLIANT,70,MEDIUM,2,LM-PC-002; LM-PC-008,Manufacturer/packer name not declared | Country of Origin declaration missing
LM-GEN-00293,BN1292,8902481844963,Shaving Cream,Personal Care,Hindustan Consumer Goods,"Andheri East, MIDC, Mumbai, Maharashtra - 400093",140g,g,MRP Rs. 15 (Incl. of all taxes),15,Rs. 0.1071 per g,,1800-572-3344,grievance@goods.in,Bharat,GOOD,NON_COMPLIANT,85,LOW,1,LM-PC-006,Month and year of manufacture / packing not declared
LM-GEN-00294,BN5570,8909724032710,Extra Virgin Olive Oil,Edible Oil,,Industrial Area Phase 1,125ml,ml,MRP Rs. 499 (Incl. of all taxes),499,Rs. 3.992 per ml,06/2023,,,China,MODERATE,NON_COMPLIANT,55,HIGH,3,LM-PC-002; LM-PC-003; LM-PC-007,Manufacturer/packer name not declared | Incomplete address — PIN code / State missing | Consumer care helpline and email not provided
LM-GEN-00295,BN9411,8905245578895,Fabric Softener,Household,Sunrise Foods Pvt. Ltd.,"Plot No. 14, MIDC Industrial Area, Pune, Maharashtra - 411026",500ml,ml,MRP Rs. 450 (Incl. of all taxes),450,Rs. 2.25 per g,01/2024,1800-419-8900,consumer@product.in,Manufactured in India,GOOD,COMPLIANT,100,NONE,0,None,None
LM-GEN-00296,BN9820,8905066496099,Wheat Flour (Atta),Staples,Hindustan Consumer Goods,"Andheri East, MIDC, Mumbai, Maharashtra - 400093",10kg,kg,MRP Rs. 120 (Incl. of all taxes),120,Rs. 12.0 per kg,09/2023,1800-419-8900,consumer@product.in,China,GOOD,COMPLIANT,100,NONE,0,None,None
LM-GEN-00297,BN3691,8904615642559,Toor Dal,Pulses,Star FMCG Corporation,"Sector 63, NOIDA, Uttar Pradesh - 201301",2grms,grms,MRP Rs. 15 (Incl. of all taxes),15,,05/2024,1800-419-8900,consumer@product.in,India,MODERATE,NON_COMPLIANT,67,MEDIUM,2,LM-PC-004; LM-PC-009,Non-standard unit 'grms' used (must be SI: g/kg/ml/l/N/m) | Unit Sale Price (USP) not declared
LM-GEN-00298,BN2271,8904857365145,Toilet Cleaner,Condiments,Kerala Naturals Pvt. Ltd.,"SY 22/3, Edapally, Kochi, Kerala - 682024",1000ml,ml,MRP Rs. 200 (Incl. of all taxes),200,Rs. 0.2 per ml,05/2024,011-23456789,contact@firm.co.in,,GOOD,NON_COMPLIANT,85,LOW,1,LM-PC-008,Country of Origin declaration missing
LM-GEN-00299,BN4791,8904552181913,Drinking Water,Beverages,,No. 34,0.5l,l,MRP Rs. 550 (Incl. of all taxes),550,Rs. 1100.0 per l,05/2023,,,Bharat,GOOD,NON_COMPLIANT,55,HIGH,3,LM-PC-003; LM-PC-002; LM-PC-007,Incomplete address — PIN code / State missing | Manufacturer/packer name not declared | Consumer care helpline and email not provided
LM-GEN-00300,BN6254,8905902744734,Full Cream Milk Powder,Dairy,Disha Exports & Imports,"No. 34, Anna Salai, Chennai, Tamil Nadu - 600002",500g,g,MRP Rs. 9.5 (Incl. of all taxes),9.5,Rs. 0.019 per g,07/2024,1800-103-1234,support@company.in,Manufactured in India,GOOD,COMPLIANT,100,NONE,0,None,None
LM-GEN-00301,BN2895,8909157824615,Deodorant Spray,Beverages,,"B-12, Okhla Industrial Phase II, New Delhi - 110020",75ml,ml,MRP Rs. 850 (Incl. of all taxes),850,Rs. 11.3333 per ml,05/2024,1800-419-8900,consumer@product.in,India,GOOD,NON_COMPLIANT,85,LOW,1,LM-PC-002,Manufacturer/packer name not declared
LM-GEN-00302,BN2183,8904089707833,Protein Supplement,Health,Evergreen Manufacturing Co.,"Phase II, Industrial Zone, Ludhiana, Punjab - 141010",250g,g,MRP Rs. 25 (Incl. of all taxes),25,Rs. 0.1 per g,11/2022,1800-103-1234,support@company.in,India,GOOD,COMPLIANT,100,NONE,0,None,None
LM-GEN-00303,BN3046,8905254598519,Deodorant Spray,Personal Care,Kerala Naturals Pvt. Ltd.,"SY 22/3, Edapally, Kochi, Kerala - 682024",150ml,ml,MRP Rs. 180 (Incl. of all taxes),180,Rs. 1.2 per ml,08/2022,1800-123-7890,info@pack.in,India,POOR,COMPLIANT,100,NONE,0,None,None
LM-GEN-00304,BN5523,8902602043104,Mustard Oil,Edible Oil,Pushpak Packaging Pvt. Ltd.,"Industrial Area Phase 1, Chandigarh - 160002",1000ml,ml,MRP Rs. 75 (Incl. of all taxes),75,Rs. 0.075 per ml,12/2022,011-23456789,contact@firm.co.in,Made in India,MODERATE,COMPLIANT,100,NONE,0,None,None
LM-GEN-00305,BN1340,8907156341172,Hybrid Tomato Seeds,Pulses,Disha Exports & Imports,"No. 34, Anna Salai, Chennai, Tamil Nadu - 600002",5g,g,MRP Rs. 650 (Incl. of all taxes),650,Rs. 130.0 per g,10/2023,,,Manufactured in India,MODERATE,NON_COMPLIANT,85,LOW,1,LM-PC-007,Consumer care helpline and email not provided
LM-GEN-00306,BN1355,8906949347239,Mosquito Repellent Liquid,Household,,"SY 22/3, Edapally, Kochi, Kerala - 682024",45ml,ml,MRP Rs. 999 (Incl. of all taxes),999,Rs. 22.2 per ml,01/2023,1800-123-7890,info@pack.in,Bharat,GOOD,NON_COMPLIANT,85,LOW,1,LM-PC-002,Manufacturer/packer name not declared
LM-GEN-00307,BN1704,8901150786134,Moisturizing Cream,Personal Care,GreenLeaf Agro Industries,"Survey No. 87, Rajkot Industrial Estate, Rajkot, Gujarat - 360002",100ml,ml,MRP Rs. 30 (Incl. of all taxes),30,Rs. 0.3 per ml,04/2023,1800-419-8900,consumer@product.in,India,GOOD,COMPLIANT,100,NONE,0,None,None
LM-GEN-00308,BN7668,8907273393673,,Spices,GreenLeaf Agro Industries,"Survey No. 87, Rajkot Industrial Estate, Rajkot, Gujarat - 360002",200g,g,MRP Rs. 1199 (Incl. of all taxes),1199,Rs. 5.995 per g,,1800-419-8900,consumer@product.in,,POOR,NON_COMPLIANT,37,CRITICAL,4,LM-PC-006; LM-PC-001; LM-PC-010; LM-PC-008,Month and year of manufacture / packing not declared | Missing product/commodity name on label | Label text readability below minimum statutory requirement (Rule 7) | Country of Origin declaration missing
LM-GEN-00309,BN9697,8901820384916,Talcum Powder,Personal Care,MP Agro Industries,"Pologround Industrial Area, Indore, Madhya Pradesh - 452015",100g,g,MRP Rs. 999,999,Rs. 9.99 per g,,1800-572-3344,grievance@goods.in,India,MODERATE,NON_COMPLIANT,60,MEDIUM,2,LM-PC-005; LM-PC-006,MRP missing mandatory phrase 'inclusive of all taxes' | Month and year of manufacture / packing not declared
LM-GEN-00310,BN3605,8909990683544,Lip Balm,Personal Care,GreenLeaf Agro Industries,Survey No. 87,2g,g,MRP Rs. 450 (Incl. of all taxes),450,,04/2023,1800-200-5678,care@brand.com,India,MODERATE,NON_COMPLIANT,77,MEDIUM,2,LM-PC-003; LM-PC-009,Incomplete address — PIN code / State missing | Unit Sale Price (USP) not declared
LM-GEN-00311,BN3407,8904369075543,Mustard Oil,Agriculture,JR Manufacturing,"K-18, RIICO Industrial Area, Bhiwadi, Rajasthan - 301019",500ml,ml,MRP Rs. 299 (Incl. of all taxes),299,Rs. 0.598 per ml,,1800-572-3344,grievance@goods.in,Manufactured in India,POOR,NON_COMPLIANT,85,LOW,1,LM-PC-006,Month and year of manufacture / packing not declared
LM-GEN-00312,BN2524,8901609520188,Tomato Ketchup,Condiments,,"Industrial Area Phase 1, Chandigarh - 160002",250g,g,MRP Rs. 750 (Incl. of all taxes),750,Rs. 3.0 per g,03/2024,1800-890-0011,help@business.co.in,Bharat,GOOD,NON_COMPLIANT,85,LOW,1,LM-PC-002,Manufacturer/packer name not declared
LM-GEN-00313,BN1534,8908516289392,Ayurvedic Churan,Health,,"Near Water Tank, Sikar Road, Jaipur, Rajasthan - 302023",50g,g,MRP Rs. 50,50,Rs. 1.0 per g,11/2022,1800-572-3344,grievance@goods.in,India,GOOD,NON_COMPLIANT,60,MEDIUM,2,LM-PC-005; LM-PC-002,MRP missing mandatory phrase 'inclusive of all taxes' | Manufacturer/packer name not declared
LM-GEN-00314,BN5479,8905416436472,Digestive Tablets,Health,Prime Industries Ltd.,"Survey 45/A, Vatva GIDC, Ahmedabad, Gujarat - 382445",60N,N,MRP Rs. 20 (Incl. of all taxes),20,Rs. 0.3333 per N,,1800-200-5678,care@brand.com,India,POOR,NON_COMPLIANT,77,MEDIUM,2,LM-PC-006; LM-PC-010,Month and year of manufacture / packing not declared | Label text readability below minimum statutory requirement (Rule 7)
LM-GEN-00315,BN2431,8901126015519,Fabric Softener,Household,JR Manufacturing,"K-18, RIICO Industrial Area, Bhiwadi, Rajasthan - 301019",500ml,ml,MRP Rs. 180,180,Rs. 0.36 per ml,,1800-572-3344,grievance@goods.in,Made in India,MODERATE,NON_COMPLIANT,60,MEDIUM,2,LM-PC-005; LM-PC-006,MRP missing mandatory phrase 'inclusive of all taxes' | Month and year of manufacture / packing not declared
LM-GEN-00316,BN2234,8902809515400,Rock Salt,Staples,Star FMCG Corporation,"Sector 63, NOIDA, Uttar Pradesh - 201301",250g,g,MRP Rs. 180 (Incl. of all taxes),180,Rs. 0.72 per g,02/2024,011-23456789,contact@firm.co.in,India,MODERATE,COMPLIANT,100,NONE,0,None,None
LM-GEN-00317,BN8502,8909243752300,Shaving Cream,Personal Care,Hindustan Consumer Goods,Andheri East,35g,g,MRP Rs. 50 (Incl. of all taxes),50,,,,,China,GOOD,NON_COMPLIANT,47,HIGH,4,LM-PC-003; LM-PC-006; LM-PC-007; LM-PC-009,Incomplete address — PIN code / State missing | Month and year of manufacture / packing not declared | Consumer care helpline and email not provided | Unit Sale Price (USP) not declared
LM-GEN-00318,BN1388,8901056795399,Butter,Dairy,,"Survey 45/A, Vatva GIDC, Ahmedabad, Gujarat - 382445",50g,g,MRP Rs. 150,150,Rs. 3.0 per g,03/2024,1800-572-3344,grievance@goods.in,Bharat,GOOD,NON_COMPLIANT,60,MEDIUM,2,LM-PC-002; LM-PC-005,Manufacturer/packer name not declared | MRP missing mandatory phrase 'inclusive of all taxes'
LM-GEN-00319,BN3798,8909169316520,Extra Virgin Olive Oil,Edible Oil,,"Andheri East, MIDC, Mumbai, Maharashtra - 400093",500grm,grm,MRP Rs. 30,30,Rs. 0.06 per ml,,1800-572-3344,grievance@goods.in,Made in India,POOR,NON_COMPLIANT,20,CRITICAL,4,LM-PC-004; LM-PC-006; LM-PC-002; LM-PC-005,Non-standard unit 'grm' used (must be SI: g/kg/ml/l/N/m) | Month and year of manufacture / packing not declared | Manufacturer/packer name not declared | MRP missing mandatory phrase 'inclusive of all taxes'
LM-GEN-00320,BN5283,8907044396454,Toothpaste,Personal Care,Apex Consumer Products,"No. 7, 3rd Cross, Peenya Industrial Area, Bengaluru, Karnataka - 560058",100g,g,MRP Rs. 999 (Incl. of all taxes),999,Rs. 9.99 per g,09/2023,1800-200-5678,care@brand.com,Bangladesh,GOOD,COMPLIANT,100,NONE,0,None,None
LM-GEN-00321,BN9302,8905881566780,Talcum Powder,Personal Care,Star FMCG Corporation,"Sector 63, NOIDA, Uttar Pradesh - 201301",200g,g,MRP Rs. 1199,1199,,10/2023,1800-103-1234,support@company.in,,POOR,NON_COMPLIANT,44,HIGH,4,LM-PC-005; LM-PC-008; LM-PC-009; LM-PC-010,MRP missing mandatory phrase 'inclusive of all taxes' | Country of Origin declaration missing | Unit Sale Price (USP) not declared | Label text readability below minimum statutory requirement (Rule 7)
LM-GEN-00322,BN9164,8902992164649,Refined Sunflower Oil,Agriculture,Pushpak Packaging Pvt. Ltd.,"Industrial Area Phase 1, Chandigarh - 160002",1l,l,MRP Rs. 25 (Incl. of all taxes),25,,02/2023,1800-890-0011,help@business.co.in,India,POOR,NON_COMPLIANT,92,LOW,1,LM-PC-009,Unit Sale Price (USP) not declared
LM-GEN-00323,BN3926,8903964506858,Bathing Soap,Personal Care,Royal Produce Pvt. Ltd.,"NH-44 Bypass Road, Hyderabad, Telangana - 500072",125g,g,MRP Rs. 299 (Incl. of all taxes),299,Rs. 2.392 per g,08/2024,1800-419-8900,consumer@product.in,USA,MODERATE,COMPLIANT,100,NONE,0,None,None
LM-GEN-00324,BN5595,8903386860032,Garam Masala,Spices,Disha Exports & Imports,"No. 34, Anna Salai, Chennai, Tamil Nadu - 600002",100g,g,MRP Rs. 50 (Incl. of all taxes),50,Rs. 0.05 per g,04/2022,1800-572-3344,grievance@goods.in,USA,MODERATE,COMPLIANT,100,NONE,0,None,None
LM-GEN-00325,BN4934,8905296652409,Namkeen Mix,Snacks & Bakery,National Packaged Goods Ltd.,B-12,125g,g,MRP Rs. 9.5 (Incl. of all taxes),9.5,Rs. 0.076 per g,03/2023,1800-890-0011,help@business.co.in,USA,GOOD,NON_COMPLIANT,85,LOW,1,LM-PC-003,Incomplete address — PIN code / State missing
LM-GEN-00326,BN1804,8905244279579,Talcum Powder,Personal Care,Agro Vision Industries,"Kumbargaon MIDC, Ahmednagar, Maharashtra - 414003",200g,g,MRP Rs. 120,120,Rs. 0.6 per g,,,,India,POOR,NON_COMPLIANT,37,CRITICAL,4,LM-PC-006; LM-PC-010; LM-PC-005; LM-PC-007,Month and year of manufacture / packing not declared | Label text readability below minimum statutory requirement (Rule 7) | MRP missing mandatory phrase 'inclusive of all taxes' | Consumer care helpline and email not provided
LM-GEN-00327,BN9049,8903863682122,Ayurvedic Churan,Health,Disha Exports & Imports,"No. 34, Anna Salai, Chennai, Tamil Nadu - 600002",100g,g,MRP Rs. 250 (Incl. of all taxes),250,Rs. 2.5 per g,01/2022,1800-200-5678,care@brand.com,India,GOOD,COMPLIANT,100,NONE,0,None,None
LM-GEN-00328,BN5378,8908433642367,,Beverages,,"Near Water Tank, Sikar Road, Jaipur, Rajasthan - 302023",250g,g,MRP Rs. 50 (Incl. of all taxes),50,Rs. 0.2 per g,03/2024,1800-419-8900,consumer@product.in,,GOOD,NON_COMPLIANT,45,HIGH,3,LM-PC-002; LM-PC-001; LM-PC-008,Manufacturer/packer name not declared | Missing product/commodity name on label | Country of Origin declaration missing
LM-GEN-00329,BN9506,8908058983726,Glucose Powder,Health,JR Manufacturing,"K-18, RIICO Industrial Area, Bhiwadi, Rajasthan - 301019",100g,g,MRP Rs. 750 (Incl. of all taxes),750,Rs. 7.5 per g,,1800-890-0011,help@business.co.in,Bharat,POOR,NON_COMPLIANT,77,MEDIUM,2,LM-PC-006; LM-PC-010,Month and year of manufacture / packing not declared | Label text readability below minimum statutory requirement (Rule 7)
LM-GEN-00330,BN4047,8906969881872,Fruit Jam,Condiments,Bharat Organic Farms,"Village Narsingpur, Tehsil Harda, Madhya Pradesh - 461331",500g,g,MRP Rs. 30 (Incl. of all taxes),30,Rs. 15.0 per kg,06/2022,011-23456789,contact@firm.co.in,China,GOOD,COMPLIANT,100,NONE,0,None,None
LM-GEN-00331,BN3767,8903010514920,Turmeric Powder,Agriculture,Kerala Naturals Pvt. Ltd.,SY 22/3,200g,g,MRP Rs. 650 (Incl. of all taxes),650,Rs. 3.25 per g,11/2023,1800-123-7890,info@pack.in,Made in India,GOOD,NON_COMPLIANT,85,LOW,1,LM-PC-003,Incomplete address — PIN code / State missing
LM-GEN-00332,BN3335,8909344338191,Namkeen Mix,Snacks & Bakery,,Pologround Industrial Area,500g,g,MRP Rs. 650 (Incl. of all taxes),650,,08/2023,1800-200-5678,care@brand.com,India,POOR,NON_COMPLIANT,54,HIGH,4,LM-PC-002; LM-PC-003; LM-PC-009; LM-PC-010,Manufacturer/packer name not declared | Incomplete address — PIN code / State missing | Unit Sale Price (USP) not declared | Label text readability below minimum statutory requirement (Rule 7)
LM-GEN-00333,BN9328,8908475817743,,Staples,Disha Exports & Imports,"No. 34, Anna Salai, Chennai, Tamil Nadu - 600002",0.5kg,kg,MRP Rs. 399,399,Rs. 798.0 per kg,08/2024,1800-572-3344,grievance@goods.in,,MODERATE,NON_COMPLIANT,35,CRITICAL,3,LM-PC-001; LM-PC-005; LM-PC-008,Missing product/commodity name on label | MRP missing mandatory phrase 'inclusive of all taxes' | Country of Origin declaration missing
LM-GEN-00334,BN6325,8902901908394,Full Cream Milk Powder,Dairy,Disha Exports & Imports,"No. 34, Anna Salai, Chennai, Tamil Nadu - 600002",250g,g,MRP Rs. 850 (Incl. of all taxes),850,Rs. 3.4 per g,04/2023,1800-103-1234,support@company.in,Bharat,GOOD,COMPLIANT,100,NONE,0,None,None
LM-GEN-00335,BN1903,8901556225007,Shampoo,Snacks & Bakery,Pushpak Packaging Pvt. Ltd.,"Industrial Area Phase 1, Chandigarh - 160002",400ml,ml,MRP Rs. 99 (Incl. of all taxes),99,Rs. 0.2475 per ml,05/2022,,,India,MODERATE,NON_COMPLIANT,85,LOW,1,LM-PC-007,Consumer care helpline and email not provided
LM-GEN-00336,BN2100,8907609428298,Mosquito Repellent Liquid,Household,Agro Vision Industries,"Kumbargaon MIDC, Ahmednagar, Maharashtra - 414003",90ml,ml,MRP Rs. 450 (Incl. of all taxes),450,Rs. 5.0 per ml,02/2022,1800-572-3344,grievance@goods.in,India,MODERATE,COMPLIANT,100,NONE,0,None,None
LM-GEN-00337,BN3777,8909880025073,Face Wash,Stationery,Bengal Foods International,"Park Circus, Kolkata, West Bengal - 700017",200ml,ml,MRP Rs. 850 (Incl. of all taxes),850,Rs. 4.25 per ml,09/2023,1800-572-3344,grievance@goods.in,,GOOD,NON_COMPLIANT,85,LOW,1,LM-PC-008,Country of Origin declaration missing
LM-GEN-00338,BN8057,8901776073618,,Stationery,Odisha Produce Ltd.,"Chandaka Industrial Estate, Bhubaneswar, Odisha - 751024",20N,N,MRP Rs. 75,75,Rs. 3.75 per N,08/2023,1800-572-3344,grievance@goods.in,India,GOOD,NON_COMPLIANT,50,HIGH,2,LM-PC-001; LM-PC-005,Missing product/commodity name on label | MRP missing mandatory phrase 'inclusive of all taxes'
LM-GEN-00339,BN8539,8901038463991,Plain Biscuits,Edible Oil,Evergreen Manufacturing Co.,"Phase II, Industrial Zone, Ludhiana, Punjab - 141010",100g,g,MRP Rs. 99 (Incl. of all taxes),99,Rs. 0.99 per g,08/2022,,,India,MODERATE,NON_COMPLIANT,85,LOW,1,LM-PC-007,Consumer care helpline and email not provided
LM-GEN-00340,BN8294,8904616260601,Namkeen Mix,Snacks & Bakery,JR Manufacturing,K-18,250g,g,MRP Rs. 999 (Incl. of all taxes),999,Rs. 3.996 per g,02/2024,011-23456789,contact@firm.co.in,India,POOR,NON_COMPLIANT,85,LOW,1,LM-PC-003,Incomplete address — PIN code / State missing
LM-GEN-00341,BN5052,8903727477863,Sunscreen Lotion,Personal Care,National Packaged Goods Ltd.,"B-12, Okhla Industrial Phase II, New Delhi - 110020",100Gms,Gms,MRP Rs. 180 (Incl. of all taxes),180,,01/2024,1800-419-8900,consumer@product.in,India,GOOD,NON_COMPLIANT,67,MEDIUM,2,LM-PC-004; LM-PC-009,Non-standard unit 'Gms' used (must be SI: g/kg/ml/l/N/m) | Unit Sale Price (USP) not declared
LM-GEN-00342,BN4949,8902141405260,Sugar,Staples,Kerala Naturals Pvt. Ltd.,"SY 22/3, Edapally, Kochi, Kerala - 682024",0.5gms,gms,MRP Rs. 30 (Incl. of all taxes),30,Rs. 60.0 per kg,07/2024,1800-890-0011,help@business.co.in,India,POOR,NON_COMPLIANT,67,MEDIUM,2,LM-PC-010; LM-PC-004,Label text readability below minimum statutory requirement (Rule 7) | Non-standard unit 'gms' used (must be SI: g/kg/ml/l/N/m)
LM-GEN-00343,BN7136,8905568129018,Toothbrush,Personal Care,Apex Consumer Products,"No. 7, 3rd Cross, Peenya Industrial Area, Bengaluru, Karnataka - 560058",1N,N,MRP Rs. 1199 (Incl. of all taxes),1199,Rs. 1.199 per g,01/2022,1800-572-3344,grievance@goods.in,USA,MODERATE,COMPLIANT,100,NONE,0,None,None
LM-GEN-00344,BN1237,8905107703814,Chana Dal,Pulses,Royal Produce Pvt. Ltd.,"NH-44 Bypass Road, Hyderabad, Telangana - 500072",500lts,lts,MRP Rs. 99 (Incl. of all taxes),99,,,1800-200-5678,care@brand.com,Germany,POOR,NON_COMPLIANT,52,HIGH,3,LM-PC-004; LM-PC-006; LM-PC-009,Non-standard unit 'lts' used (must be SI: g/kg/ml/l/N/m) | Month and year of manufacture / packing not declared | Unit Sale Price (USP) not declared
LM-GEN-00345,BN3346,8905067848337,Instant Noodles,Snacks & Bakery,Bengal Foods International,"Park Circus, Kolkata, West Bengal - 700017",70g,g,MRP Rs. 1499 (Incl. of all taxes),1499,Rs. 21.4143 per g,06/2022,011-23456789,contact@firm.co.in,Bangladesh,GOOD,COMPLIANT,100,NONE,0,None,None
LM-GEN-00346,BN9062,8907127925729,Face Wash,Personal Care,MP Agro Industries,"Pologround Industrial Area, Indore, Madhya Pradesh - 452015",100ml,ml,MRP Rs. 1499 (Incl. of all taxes),1499,Rs. 14.99 per ml,05/2024,,,India,GOOD,NON_COMPLIANT,85,LOW,1,LM-PC-007,Consumer care helpline and email not provided
LM-GEN-00347,BN1036,8901885792836,Full Cream Milk Powder,Beverages,Agro Vision Industries,"Kumbargaon MIDC, Ahmednagar, Maharashtra - 414003",500g,g,MRP Rs. 850,850,Rs. 1.7 per g,09/2022,1800-890-0011,help@business.co.in,India,GOOD,NON_COMPLIANT,75,MEDIUM,1,LM-PC-005,MRP missing mandatory phrase 'inclusive of all taxes'
LM-GEN-00348,BN2419,8903051154225,Curd (Dahi),Dairy,Apex Consumer Products,"No. 7, 3rd Cross, Peenya Industrial Area, Bengaluru, Karnataka - 560058",800g,g,MRP Rs. 999 (Incl. of all taxes),999,Rs. 1.2488 per g,08/2022,1800-103-1234,support@company.in,Manufactured in India,MODERATE,COMPLIANT,100,NONE,0,None,None
LM-GEN-00349,BN4586,8905478501391,Eraser,Personal Care,Kerala Naturals Pvt. Ltd.,"SY 22/3, Edapally, Kochi, Kerala - 682024",10N,N,MRP Rs. 450 (Incl. of all taxes),450,Rs. 45.0 per N,02/2024,,,Manufactured in India,MODERATE,NON_COMPLIANT,85,LOW,1,LM-PC-007,Consumer care helpline and email not provided
LM-GEN-00350,BN6097,8907490979450,Digestive Tablets,Health,Apex Consumer Products,"No. 7, 3rd Cross, Peenya Industrial Area, Bengaluru, Karnataka - 560058",30N,N,MRP Rs. 499 (Incl. of all taxes),499,Rs. 16.6333 per N,03/2023,,,India,MODERATE,NON_COMPLIANT,85,LOW,1,LM-PC-007,Consumer care helpline and email not provided
LM-GEN-00351,BN7732,8903097283127,Deodorant Spray,Personal Care,Disha Exports & Imports,"No. 34, Anna Salai, Chennai, Tamil Nadu - 600002",300ml,ml,MRP Rs. 50 (Incl. of all taxes),50,,07/2024,1800-123-7890,info@pack.in,,MODERATE,NON_COMPLIANT,77,MEDIUM,2,LM-PC-008; LM-PC-009,Country of Origin declaration missing | Unit Sale Price (USP) not declared
LM-GEN-00352,BN5818,8901866592899,Bathing Soap,Personal Care,Apex Consumer Products,"No. 7, 3rd Cross, Peenya Industrial Area, Bengaluru, Karnataka - 560058",62.5g,g,MRP Rs. 1499,1499,Rs. 23.984 per g,,,,India,MODERATE,NON_COMPLIANT,45,HIGH,3,LM-PC-007; LM-PC-005; LM-PC-006,Consumer care helpline and email not provided | MRP missing mandatory phrase 'inclusive of all taxes' | Month and year of manufacture / packing not declared
LM-GEN-00353,BN3793,8902905617972,,Beverages,JR Manufacturing,"K-18, RIICO Industrial Area, Bhiwadi, Rajasthan - 301019",0.5l,l,MRP Rs. 650 (Incl. of all taxes),650,Rs. 1300.0 per l,,,,,GOOD,NON_COMPLIANT,30,CRITICAL,4,LM-PC-007; LM-PC-001; LM-PC-008; LM-PC-006,Consumer care helpline and email not provided | Missing product/commodity name on label | Country of Origin declaration missing | Month and year of manufacture / packing not declared
LM-GEN-00354,BN8645,8907761836516,Floor Cleaner,Household,National Packaged Goods Ltd.,"B-12, Okhla Industrial Phase II, New Delhi - 110020",0.5l,l,MRP Rs. 650 (Incl. of all taxes),650,Rs. 1300.0 per l,06/2022,1800-419-8900,consumer@product.in,India,GOOD,COMPLIANT,100,NONE,0,None,None
LM-GEN-00355,BN5830,8905233348016,Moong Dal,Pulses,Evergreen Manufacturing Co.,"Phase II, Industrial Zone, Ludhiana, Punjab - 141010",500g,g,MRP Rs. 1199 (Incl. of all taxes),1199,Rs. 2.398 per g,05/2022,1800-123-7890,info@pack.in,,GOOD,NON_COMPLIANT,85,LOW,1,LM-PC-008,Country of Origin declaration missing
LM-GEN-00356,BN6800,8902298115953,Carbonated Soft Drink,Beverages,Star FMCG Corporation,"Sector 63, NOIDA, Uttar Pradesh - 201301",500ml,ml,MRP Rs. 30 (Incl. of all taxes),30,Rs. 0.12 per g,06/2023,1800-572-3344,grievance@goods.in,India,GOOD,COMPLIANT,100,NONE,0,None,None
LM-GEN-00357,BN1067,8907345427637,,Personal Care,Odisha Produce Ltd.,"Chandaka Industrial Estate, Bhubaneswar, Odisha - 751024",4g,g,MRP Rs. 200,200,Rs. 50.0 per g,11/2023,1800-200-5678,care@brand.com,India,POOR,NON_COMPLIANT,50,HIGH,2,LM-PC-001; LM-PC-005,Missing product/commodity name on label | MRP missing mandatory phrase 'inclusive of all taxes'
LM-GEN-00358,BN8141,8909895064023,Turmeric Powder,Personal Care,Disha Exports & Imports,"No. 34, Anna Salai, Chennai, Tamil Nadu - 600002",400g,g,MRP Rs. 1499 (Incl. of all taxes),1499,Rs. 3.7475 per g,02/2022,1800-103-1234,support@company.in,India,POOR,NON_COMPLIANT,92,LOW,1,LM-PC-010,Label text readability below minimum statutory requirement (Rule 7)
LM-GEN-00359,BN3346,8906059588323,Shampoo,Household,Apex Consumer Products,"No. 7, 3rd Cross, Peenya Industrial Area, Bengaluru, Karnataka - 560058",100ml,ml,MRP Rs. 75 (Incl. of all taxes),75,,08/2022,1800-890-0011,help@business.co.in,China,GOOD,NON_COMPLIANT,92,LOW,1,LM-PC-009,Unit Sale Price (USP) not declared
LM-GEN-00360,BN4524,8907428673609,,Snacks & Bakery,Prime Industries Ltd.,"Survey 45/A, Vatva GIDC, Ahmedabad, Gujarat - 382445",70g,g,MRP Rs. 450 (Incl. of all taxes),450,,,,,Manufactured in India,MODERATE,NON_COMPLIANT,37,CRITICAL,4,LM-PC-006; LM-PC-007; LM-PC-001; LM-PC-009,Month and year of manufacture / packing not declared | Consumer care helpline and email not provided | Missing product/commodity name on label | Unit Sale Price (USP) not declared
LM-GEN-00361,BN3428,8903164763464,Shampoo,Personal Care,Royal Produce Pvt. Ltd.,"NH-44 Bypass Road, Hyderabad, Telangana - 500072",200ml,ml,MRP Rs. 750 (Incl. of all taxes),750,Rs. 3.75 per ml,01/2023,1800-572-3344,grievance@goods.in,India,GOOD,COMPLIANT,100,NONE,0,None,None
LM-GEN-00362,BN1195,8904379200912,Paneer,Dairy,,"Plot No. 14, MIDC Industrial Area, Pune, Maharashtra - 411026",100Ltr,Ltr,MRP Rs. 15 (Incl. of all taxes),15,Rs. 0.15 per g,,1800-572-3344,grievance@goods.in,Bharat,GOOD,NON_COMPLIANT,45,HIGH,3,LM-PC-002; LM-PC-006; LM-PC-004,Manufacturer/packer name not declared | Month and year of manufacture / packing not declared | Non-standard unit 'Ltr' used (must be SI: g/kg/ml/l/N/m)
LM-GEN-00363,BN9593,8904161482156,Red Chilli Powder,Spices,Apex Consumer Products,"No. 7, 3rd Cross, Peenya Industrial Area, Bengaluru, Karnataka - 560058",200g,g,MRP Rs. 250 (Incl. of all taxes),250,,10/2023,1800-890-0011,help@business.co.in,India,GOOD,NON_COMPLIANT,92,LOW,1,LM-PC-009,Unit Sale Price (USP) not declared
LM-GEN-00364,BN2039,8905991854478,Toilet Cleaner,Household,National Packaged Goods Ltd.,"B-12, Okhla Industrial Phase II, New Delhi - 110020",500ml,ml,MRP Rs. 15 (Incl. of all taxes),15,Rs. 0.03 per ml,12/2023,1800-200-5678,care@brand.com,China,GOOD,COMPLIANT,100,NONE,0,None,None
LM-GEN-00365,BN7512,8901493851086,Deodorant Spray,Personal Care,JR Manufacturing,"K-18, RIICO Industrial Area, Bhiwadi, Rajasthan - 301019",150ml,ml,MRP Rs. 180 (Incl. of all taxes),180,Rs. 1.2 per ml,10/2023,,,Bharat,MODERATE,NON_COMPLIANT,85,LOW,1,LM-PC-007,Consumer care helpline and email not provided
LM-GEN-00366,BN3106,8907768793849,Floor Cleaner,Household,Kerala Naturals Pvt. Ltd.,"SY 22/3, Edapally, Kochi, Kerala - 682024",2l,l,MRP Rs. 120 (Incl. of all taxes),120,Rs. 60.0 per l,12/2022,1800-419-8900,consumer@product.in,Bharat,GOOD,COMPLIANT,100,NONE,0,None,None
LM-GEN-00367,BN5529,8903372794437,Toothbrush,Edible Oil,Shree Ganesh Processors,"Near Water Tank, Sikar Road, Jaipur, Rajasthan - 302023",2N,N,MRP Rs. 750 (Incl. of all taxes),750,Rs. 375.0 per N,,1800-103-1234,support@company.in,India,GOOD,NON_COMPLIANT,85,LOW,1,LM-PC-006,Month and year of manufacture / packing not declared
LM-GEN-00368,BN8442,8901443888249,Coriander Powder,Health,Hindustan Consumer Goods,"Andheri East, MIDC, Mumbai, Maharashtra - 400093",100g,g,MRP Rs. 30 (Incl. of all taxes),30,Rs. 0.3 per g,,1800-890-0011,help@business.co.in,USA,GOOD,NON_COMPLIANT,85,LOW,1,LM-PC-006,Month and year of manufacture / packing not declared
LM-GEN-00369,BN5350,8903183162804,Lip Balm,Personal Care,Kerala Naturals Pvt. Ltd.,"SY 22/3, Edapally, Kochi, Kerala - 682024",4lts,lts,MRP Rs. 299 (Incl. of all taxes),299,,11/2022,1800-419-8900,consumer@product.in,India,GOOD,NON_COMPLIANT,67,MEDIUM,2,LM-PC-004; LM-PC-009,Non-standard unit 'lts' used (must be SI: g/kg/ml/l/N/m) | Unit Sale Price (USP) not declared
LM-GEN-00370,BN2529,8903103565508,Shampoo,Personal Care,GreenLeaf Agro Industries,"Survey No. 87, Rajkot Industrial Estate, Rajkot, Gujarat - 360002",400ml,ml,MRP Rs. 20 (Incl. of all taxes),20,Rs. 0.05 per ml,06/2023,1800-890-0011,help@business.co.in,India,GOOD,COMPLIANT,100,NONE,0,None,None
LM-GEN-00371,BN7940,8901562387933,Tea Bags,Stationery,Bharat Organic Farms,"Village Narsingpur, Tehsil Harda, Madhya Pradesh - 461331",50gms,gms,MRP Rs. 450 (Incl. of all taxes),450,Rs. 9.0 per g,03/2024,1800-890-0011,help@business.co.in,Bharat,POOR,NON_COMPLIANT,75,MEDIUM,1,LM-PC-004,Non-standard unit 'gms' used (must be SI: g/kg/ml/l/N/m)
LM-GEN-00372,BN5704,8908469518228,,Beverages,Sunrise Foods Pvt. Ltd.,"Plot No. 14, MIDC Industrial Area, Pune, Maharashtra - 411026",500g,g,MRP Rs. 1499 (Incl. of all taxes),1499,Rs. 2.998 per g,10/2022,1800-572-3344,grievance@goods.in,India,MODERATE,NON_COMPLIANT,75,MEDIUM,1,LM-PC-001,Missing product/commodity name on label
LM-GEN-00373,BN8671,8901724377668,Paneer,Dairy,Sunrise Foods Pvt. Ltd.,"Plot No. 14, MIDC Industrial Area, Pune, Maharashtra - 411026",200g,g,MRP Rs. 25 (Incl. of all taxes),25,Rs. 0.125 per g,02/2024,1800-103-1234,support@company.in,Bharat,GOOD,COMPLIANT,100,NONE,0,None,None
LM-GEN-00374,BN7465,8907653241355,Paneer,Dairy,Evergreen Manufacturing Co.,"Phase II, Industrial Zone, Ludhiana, Punjab - 141010",200grms,grms,MRP Rs. 650 (Incl. of all taxes),650,Rs. 3.25 per g,07/2023,1800-890-0011,help@business.co.in,India,MODERATE,NON_COMPLIANT,75,MEDIUM,1,LM-PC-004,Non-standard unit 'grms' used (must be SI: g/kg/ml/l/N/m)
LM-GEN-00375,BN5545,8905305224042,,Personal Care,Shree Ganesh Processors,"Near Water Tank, Sikar Road, Jaipur, Rajasthan - 302023",2N,N,MRP Rs. 299,299,Rs. 149.5 per N,06/2024,1800-890-0011,help@business.co.in,Made in India,MODERATE,NON_COMPLIANT,50,HIGH,2,LM-PC-001; LM-PC-005,Missing product/commodity name on label | MRP missing mandatory phrase 'inclusive of all taxes'
LM-GEN-00376,BN3297,8909226329368,Toothbrush,Beverages,Pushpak Packaging Pvt. Ltd.,"Industrial Area Phase 1, Chandigarh - 160002",1N,N,MRP Rs. 399 (Incl. of all taxes),399,,08/2024,011-23456789,contact@firm.co.in,India,MODERATE,NON_COMPLIANT,92,LOW,1,LM-PC-009,Unit Sale Price (USP) not declared
LM-GEN-00377,BN5328,8906665755942,Curd (Dahi),Agriculture,Evergreen Manufacturing Co.,"Phase II, Industrial Zone, Ludhiana, Punjab - 141010",800g,g,MRP Rs. 20,20,Rs. 0.025 per g,08/2023,1800-419-8900,consumer@product.in,India,GOOD,NON_COMPLIANT,75,MEDIUM,1,LM-PC-005,MRP missing mandatory phrase 'inclusive of all taxes'
LM-GEN-00378,BN9073,8901998132056,Lip Balm,Personal Care,MP Agro Industries,"Pologround Industrial Area, Indore, Madhya Pradesh - 452015",2g,g,MRP Rs. 120 (Incl. of all taxes),120,Rs. 60.0 per g,01/2023,1800-200-5678,care@brand.com,Bangladesh,GOOD,COMPLIANT,100,NONE,0,None,None
LM-GEN-00379,BN1599,8902818440748,Lip Balm,Personal Care,JR Manufacturing,"K-18, RIICO Industrial Area, Bhiwadi, Rajasthan - 301019",8g,g,MRP Rs. 180,180,Rs. 22.5 per g,07/2023,,,Made in India,GOOD,NON_COMPLIANT,60,MEDIUM,2,LM-PC-007; LM-PC-005,Consumer care helpline and email not provided | MRP missing mandatory phrase 'inclusive of all taxes'
LM-GEN-00380,BN3565,8902740738189,Red Chilli Powder,Spices,Apex Consumer Products,"No. 7, 3rd Cross, Peenya Industrial Area, Bengaluru, Karnataka - 560058",200g,g,MRP Rs. 25 (Incl. of all taxes),25,,05/2023,,,India,MODERATE,NON_COMPLIANT,77,MEDIUM,2,LM-PC-007; LM-PC-009,Consumer care helpline and email not provided | Unit Sale Price (USP) not declared
LM-GEN-00381,BN9904,8909904144965,Garam Masala,Condiments,Agro Vision Industries,"Kumbargaon MIDC, Ahmednagar, Maharashtra - 414003",200g,g,MRP Rs. 450 (Incl. of all taxes),450,Rs. 2.25 per g,,1800-419-8900,consumer@product.in,India,GOOD,NON_COMPLIANT,85,LOW,1,LM-PC-006,Month and year of manufacture / packing not declared
LM-GEN-00382,BN5948,8903346062204,,Personal Care,Kerala Naturals Pvt. Ltd.,"SY 22/3, Edapally, Kochi, Kerala - 682024",100g,g,MRP Rs. 250,250,Rs. 2.5 per g,01/2024,1800-572-3344,grievance@goods.in,Manufactured in India,GOOD,NON_COMPLIANT,50,HIGH,2,LM-PC-001; LM-PC-005,Missing product/commodity name on label | MRP missing mandatory phrase 'inclusive of all taxes'
LM-GEN-00383,BN3511,8902144304371,Eraser,Stationery,,"SY 22/3, Edapally, Kochi, Kerala - 682024",10N,N,MRP Rs. 999 (Incl. of all taxes),999,Rs. 99.9 per N,09/2024,1800-200-5678,care@brand.com,,MODERATE,NON_COMPLIANT,70,MEDIUM,2,LM-PC-002; LM-PC-008,Manufacturer/packer name not declared | Country of Origin declaration missing
LM-GEN-00384,BN5658,8901197531247,Moisturizing Cream,Personal Care,GreenLeaf Agro Industries,Survey No. 87,100ml,ml,MRP Rs. 650 (Incl. of all taxes),650,Rs. 6.5 per ml,06/2023,,,Germany,GOOD,NON_COMPLIANT,70,MEDIUM,2,LM-PC-003; LM-PC-007,Incomplete address — PIN code / State missing | Consumer care helpline and email not provided
LM-GEN-00385,BN1215,8909899721950,,Personal Care,,SY 22/3,100g,g,MRP Rs. 9.5 (Incl. of all taxes),9.5,Rs. 0.095 per g,,1800-200-5678,care@brand.com,China,POOR,NON_COMPLIANT,30,CRITICAL,4,LM-PC-002; LM-PC-003; LM-PC-006; LM-PC-001,Manufacturer/packer name not declared | Incomplete address — PIN code / State missing | Month and year of manufacture / packing not declared | Missing product/commodity name on label
LM-GEN-00386,BN1252,8901246151497,Cumin Seeds,Spices,National Packaged Goods Ltd.,"B-12, Okhla Industrial Phase II, New Delhi - 110020",100g,g,MRP Rs. 250 (Incl. of all taxes),250,Rs. 0.5 per ml,09/2024,1800-103-1234,support@company.in,Manufactured in India,POOR,COMPLIANT,100,NONE,0,None,None
LM-GEN-00387,BN4710,8905343175342,Lip Balm,Personal Care,Hindustan Consumer Goods,"Andheri East, MIDC, Mumbai, Maharashtra - 400093",2g,g,MRP Rs. 350 (Incl. of all taxes),350,,10/2022,,,India,GOOD,NON_COMPLIANT,77,MEDIUM,2,LM-PC-007; LM-PC-009,Consumer care helpline and email not provided | Unit Sale Price (USP) not declared
LM-GEN-00388,BN8994,8903538089288,Air Freshener Spray,Household,Agro Vision Industries,"Kumbargaon MIDC, Ahmednagar, Maharashtra - 414003",400Liters,Liters,MRP Rs. 750 (Incl. of all taxes),750,,,1800-103-1234,support@company.in,India,POOR,NON_COMPLIANT,52,HIGH,3,LM-PC-004; LM-PC-006; LM-PC-009,Non-standard unit 'Liters' used (must be SI: g/kg/ml/l/N/m) | Month and year of manufacture / packing not declared | Unit Sale Price (USP) not declared
LM-GEN-00389,BN5764,8904234520561,Instant Coffee,Beverages,Bharat Organic Farms,"Village Narsingpur, Tehsil Harda, Madhya Pradesh - 461331",50g,g,MRP Rs. 450 (Incl. of all taxes),450,Rs. 9.0 per g,,011-23456789,contact@firm.co.in,Manufactured in India,GOOD,NON_COMPLIANT,85,LOW,1,LM-PC-006,Month and year of manufacture / packing not declared
LM-GEN-00390,BN7832,8903401562955,Air Freshener Spray,Household,TechPack Solutions,"EPIP Zone, Whitefield, Bengaluru, Karnataka - 560066",200ml,ml,MRP Rs. 20 (Incl. of all taxes),20,Rs. 0.2 per g,08/2023,011-23456789,contact@firm.co.in,India,MODERATE,COMPLIANT,100,NONE,0,None,None
LM-GEN-00391,BN8720,8903725666138,Pen (Ball Point),Stationery,GreenLeaf Agro Industries,"Survey No. 87, Rajkot Industrial Estate, Rajkot, Gujarat - 360002",10N,N,MRP Rs. 25 (Incl. of all taxes),25,Rs. 2.5 per N,01/2022,1800-123-7890,info@pack.in,India,MODERATE,COMPLIANT,100,NONE,0,None,None
LM-GEN-00392,BN7979,8905981922973,Tomato Ketchup,Condiments,Royal Produce Pvt. Ltd.,"NH-44 Bypass Road, Hyderabad, Telangana - 500072",1000g,g,MRP Rs. 1199 (Incl. of all taxes),1199,Rs. 1.199 per g,,1800-123-7890,info@pack.in,Germany,POOR,NON_COMPLIANT,77,MEDIUM,2,LM-PC-010; LM-PC-006,Label text readability below minimum statutory requirement (Rule 7) | Month and year of manufacture / packing not declared
LM-GEN-00393,BN1154,8908077170640,Bathing Soap,Personal Care,Royal Produce Pvt. Ltd.,"NH-44 Bypass Road, Hyderabad, Telangana - 500072",125g,g,MRP Rs. 200 (Incl. of all taxes),200,Rs. 4.0 per g,07/2022,1800-572-3344,grievance@goods.in,India,GOOD,COMPLIANT,100,NONE,0,None,None
LM-GEN-00394,BN2930,8905656355758,Bathing Soap,Edible Oil,Sunrise Foods Pvt. Ltd.,"Plot No. 14, MIDC Industrial Area, Pune, Maharashtra - 411026",62.5g,g,MRP Rs. 9.5 (Incl. of all taxes),9.5,Rs. 0.152 per g,01/2023,1800-200-5678,care@brand.com,India,POOR,NON_COMPLIANT,92,LOW,1,LM-PC-010,Label text readability below minimum statutory requirement (Rule 7)
LM-GEN-00395,BN4486,8902471490636,Sunscreen Lotion,Personal Care,JR Manufacturing,"K-18, RIICO Industrial Area, Bhiwadi, Rajasthan - 301019",200ml,ml,MRP Rs. 180 (Incl. of all taxes),180,Rs. 0.9 per ml,09/2023,1800-123-7890,info@pack.in,Bharat,GOOD,COMPLIANT,100,NONE,0,None,None
LM-GEN-00396,BN8187,8906294570089,Bathing Soap,Personal Care,Hindustan Consumer Goods,"Andheri East, MIDC, Mumbai, Maharashtra - 400093",125g,g,MRP Rs. 650 (Incl. of all taxes),650,,05/2023,1800-890-0011,help@business.co.in,Manufactured in India,MODERATE,NON_COMPLIANT,92,LOW,1,LM-PC-009,Unit Sale Price (USP) not declared
LM-GEN-00397,BN5474,8903099544087,Butter,Dairy,Evergreen Manufacturing Co.,Phase II,50g,g,MRP Rs. 35 (Incl. of all taxes),35,Rs. 0.7 per g,06/2024,,,India,POOR,NON_COMPLIANT,70,MEDIUM,2,LM-PC-003; LM-PC-007,Incomplete address — PIN code / State missing | Consumer care helpline and email not provided
LM-GEN-00398,BN8035,8903018807828,Toor Dal,Pulses,GreenLeaf Agro Industries,"Survey No. 87, Rajkot Industrial Estate, Rajkot, Gujarat - 360002",1kg,kg,MRP Rs. 850 (Incl. of all taxes),850,Rs. 17.0 per g,09/2023,011-23456789,contact@firm.co.in,China,MODERATE,COMPLIANT,100,NONE,0,None,None
LM-GEN-00399,BN4719,8902328353718,Tea Bags,Beverages,Prime Industries Ltd.,"Survey 45/A, Vatva GIDC, Ahmedabad, Gujarat - 382445",100g,g,MRP Rs. 180 (Incl. of all taxes),180,Rs. 1.8 per g,06/2024,1800-123-7890,info@pack.in,Bangladesh,POOR,COMPLIANT,100,NONE,0,None,None
LM-GEN-00400,BN5681,8909327028986,Refined Sunflower Oil,Edible Oil,Apex Consumer Products,"No. 7, 3rd Cross, Peenya Industrial Area, Bengaluru, Karnataka - 560058",1Kgs,Kgs,MRP Rs. 850 (Incl. of all taxes),850,,07/2024,1800-572-3344,grievance@goods.in,Bangladesh,POOR,NON_COMPLIANT,67,MEDIUM,2,LM-PC-004; LM-PC-009,Non-standard unit 'Kgs' used (must be SI: g/kg/ml/l/N/m) | Unit Sale Price (USP) not declared
LM-GEN-00401,BN3272,8902630125547,Mosquito Repellent Liquid,Staples,Bharat Organic Farms,Village Narsingpur,45ml,ml,MRP Rs. 450 (Incl. of all taxes),450,Rs. 10.0 per ml,04/2022,011-23456789,contact@firm.co.in,Made in India,GOOD,NON_COMPLIANT,85,LOW,1,LM-PC-003,Incomplete address — PIN code / State missing
LM-GEN-00402,BN6746,8908521510926,Fertilizer (NPK),Staples,Kerala Naturals Pvt. Ltd.,"SY 22/3, Edapally, Kochi, Kerala - 682024",2grms,grms,MRP Rs. 399 (Incl. of all taxes),399,Rs. 199.5 per kg,12/2022,1800-419-8900,consumer@product.in,USA,POOR,NON_COMPLIANT,75,MEDIUM,1,LM-PC-004,Non-standard unit 'grms' used (must be SI: g/kg/ml/l/N/m)
LM-GEN-00403,BN6759,8904209117998,Glass Cleaner,Snacks & Bakery,Pushpak Packaging Pvt. Ltd.,"Industrial Area Phase 1, Chandigarh - 160002",250gms,gms,MRP Rs. 299 (Incl. of all taxes),299,Rs. 1.196 per ml,05/2023,1800-103-1234,support@company.in,Bharat,GOOD,NON_COMPLIANT,75,MEDIUM,1,LM-PC-004,Non-standard unit 'gms' used (must be SI: g/kg/ml/l/N/m)
LM-GEN-00404,BN3574,8906009544739,Extra Virgin Olive Oil,Edible Oil,Bharat Organic Farms,Village Narsingpur,250ml,ml,MRP Rs. 399 (Incl. of all taxes),399,Rs. 1.596 per ml,03/2023,,,Manufactured in India,MODERATE,NON_COMPLIANT,70,MEDIUM,2,LM-PC-003; LM-PC-007,Incomplete address — PIN code / State missing | Consumer care helpline and email not provided
LM-GEN-00405,BN1344,8908087924576,Eraser,Edible Oil,Pushpak Packaging Pvt. Ltd.,Industrial Area Phase 1,20N,N,MRP Rs. 180 (Incl. of all taxes),180,Rs. 9.0 per N,03/2022,011-23456789,contact@firm.co.in,Germany,GOOD,NON_COMPLIANT,85,LOW,1,LM-PC-003,Incomplete address — PIN code / State missing
LM-GEN-00406,BN4375,8905331964959,Dish Wash Bar,Household,Star FMCG Corporation,"Sector 63, NOIDA, Uttar Pradesh - 201301",250g,g,MRP Rs. 75 (Incl. of all taxes),75,Rs. 0.3 per g,08/2023,1800-419-8900,consumer@product.in,Manufactured in India,MODERATE,COMPLIANT,100,NONE,0,None,None
LM-GEN-00407,BN3844,8908423164860,,Personal Care,,"Village Narsingpur, Tehsil Harda, Madhya Pradesh - 461331",150ml,ml,MRP Rs. 25 (Incl. of all taxes),25,Rs. 0.1667 per ml,08/2022,1800-123-7890,info@pack.in,China,GOOD,NON_COMPLIANT,60,MEDIUM,2,LM-PC-001; LM-PC-002,Missing product/commodity name on label | Manufacturer/packer name not declared
LM-GEN-00408,BN1194,8907323408801,Coriander Powder,Spices,Odisha Produce Ltd.,"Chandaka Industrial Estate, Bhubaneswar, Odisha - 751024",100g,g,MRP Rs. 30 (Incl. of all taxes),30,Rs. 0.3 per g,05/2022,011-23456789,contact@firm.co.in,Bharat,MODERATE,COMPLIANT,100,NONE,0,None,None
LM-GEN-00409,BN2924,8901918552452,Body Lotion,Personal Care,Prime Industries Ltd.,"Survey 45/A, Vatva GIDC, Ahmedabad, Gujarat - 382445",400ml,ml,MRP Rs. 1199,1199,Rs. 2.9975 per ml,,,,,GOOD,NON_COMPLIANT,30,CRITICAL,4,LM-PC-005; LM-PC-007; LM-PC-006; LM-PC-008,MRP missing mandatory phrase 'inclusive of all taxes' | Consumer care helpline and email not provided | Month and year of manufacture / packing not declared | Country of Origin declaration missing
LM-GEN-00410,BN9927,8909177938155,Fabric Softener,Personal Care,Sunrise Foods Pvt. Ltd.,"Plot No. 14, MIDC Industrial Area, Pune, Maharashtra - 411026",500ml,ml,MRP Rs. 150 (Incl. of all taxes),150,,09/2022,011-23456789,contact@firm.co.in,Manufactured in India,GOOD,NON_COMPLIANT,92,LOW,1,LM-PC-009,Unit Sale Price (USP) not declared
LM-GEN-00411,BN7303,8905670901185,,Personal Care,Apex Consumer Products,"No. 7, 3rd Cross, Peenya Industrial Area, Bengaluru, Karnataka - 560058",350ml,ml,MRP Rs. 350 (Incl. of all taxes),350,Rs. 1.0 per ml,08/2023,011-23456789,contact@firm.co.in,India,POOR,NON_COMPLIANT,75,MEDIUM,1,LM-PC-001,Missing product/commodity name on label
LM-GEN-00412,BN9381,8902549776701,Rock Salt,Staples,Pushpak Packaging Pvt. Ltd.,"Industrial Area Phase 1, Chandigarh - 160002",1000g,g,MRP Rs. 550 (Incl. of all taxes),550,Rs. 0.55 per g,03/2022,1800-200-5678,care@brand.com,China,GOOD,COMPLIANT,100,NONE,0,None,None
LM-GEN-00413,BN3851,8906434688532,Lip Balm,Personal Care,Bharat Organic Farms,"Village Narsingpur, Tehsil Harda, Madhya Pradesh - 461331",8g,g,MRP Rs. 850 (Incl. of all taxes),850,Rs. 106.25 per g,02/2024,1800-890-0011,help@business.co.in,India,POOR,COMPLIANT,100,NONE,0,None,None
LM-GEN-00414,BN8263,8909358051497,Toothpaste,Personal Care,Hindustan Consumer Goods,"Andheri East, MIDC, Mumbai, Maharashtra - 400093",100g,g,MRP Rs. 20 (Incl. of all taxes),20,Rs. 0.2 per g,05/2022,1800-103-1234,support@company.in,China,GOOD,COMPLIANT,100,NONE,0,None,None
LM-GEN-00415,BN2911,8906252061148,Chana Dal,Pulses,Bengal Foods International,"Park Circus, Kolkata, West Bengal - 700017",500g,g,MRP Rs. 120 (Incl. of all taxes),120,Rs. 0.24 per g,07/2024,1800-103-1234,support@company.in,India,MODERATE,COMPLIANT,100,NONE,0,None,None
LM-GEN-00416,BN6435,8905175779953,Dish Wash Bar,Household,JR Manufacturing,"K-18, RIICO Industrial Area, Bhiwadi, Rajasthan - 301019",250g,g,MRP Rs. 99 (Incl. of all taxes),99,Rs. 49.5 per l,08/2022,1800-419-8900,consumer@product.in,India,MODERATE,COMPLIANT,100,NONE,0,None,None
LM-GEN-00417,BN8021,8904377023372,,Personal Care,,"Andheri East, MIDC, Mumbai, Maharashtra - 400093",75ml,ml,MRP Rs. 75 (Incl. of all taxes),75,Rs. 1.0 per ml,,,,Bharat,GOOD,NON_COMPLIANT,30,CRITICAL,4,LM-PC-001; LM-PC-002; LM-PC-006; LM-PC-007,Missing product/commodity name on label | Manufacturer/packer name not declared | Month and year of manufacture / packing not declared | Consumer care helpline and email not provided
LM-GEN-00418,BN3768,8907548628641,Lip Balm,Household,,"Near Water Tank, Sikar Road, Jaipur, Rajasthan - 302023",2g,g,MRP Rs. 99 (Incl. of all taxes),99,Rs. 49.5 per g,02/2024,1800-103-1234,support@company.in,India,GOOD,NON_COMPLIANT,85,LOW,1,LM-PC-002,Manufacturer/packer name not declared
LM-GEN-00419,BN8226,8901969986510,Toor Dal,Pulses,Kerala Naturals Pvt. Ltd.,"SY 22/3, Edapally, Kochi, Kerala - 682024",0.5kg,kg,MRP Rs. 200 (Incl. of all taxes),200,Rs. 400.0 per kg,06/2024,1800-890-0011,help@business.co.in,Germany,GOOD,COMPLIANT,100,NONE,0,None,None
LM-GEN-00420,BN9212,8909262366142,Instant Coffee,Beverages,TechPack Solutions,"EPIP Zone, Whitefield, Bengaluru, Karnataka - 560066",50g,g,MRP Rs. 750 (Incl. of all taxes),750,Rs. 15.0 per g,01/2023,1800-890-0011,help@business.co.in,Manufactured in India,MODERATE,COMPLIANT,100,NONE,0,None,None
LM-GEN-00421,BN4037,8909581086200,Curd (Dahi),Dairy,GreenLeaf Agro Industries,"Survey No. 87, Rajkot Industrial Estate, Rajkot, Gujarat - 360002",400g,g,MRP Rs. 999,999,,09/2023,1800-103-1234,support@company.in,,POOR,NON_COMPLIANT,44,HIGH,4,LM-PC-005; LM-PC-008; LM-PC-009; LM-PC-010,MRP missing mandatory phrase 'inclusive of all taxes' | Country of Origin declaration missing | Unit Sale Price (USP) not declared | Label text readability below minimum statutory requirement (Rule 7)
LM-GEN-00422,BN1475,8902291274085,,Agriculture,Bharat Organic Farms,"Village Narsingpur, Tehsil Harda, Madhya Pradesh - 461331",250g,g,MRP Rs. 450 (Incl. of all taxes),450,Rs. 1.8 per g,09/2024,1800-890-0011,help@business.co.in,USA,MODERATE,NON_COMPLIANT,75,MEDIUM,1,LM-PC-001,Missing product/commodity name on label
LM-GEN-00423,BN1580,8902918091201,,Personal Care,Evergreen Manufacturing Co.,"Phase II, Industrial Zone, Ludhiana, Punjab - 141010",400g,g,MRP Rs. 120 (Incl. of all taxes),120,Rs. 0.3 per g,04/2024,011-23456789,contact@firm.co.in,Bharat,POOR,NON_COMPLIANT,67,MEDIUM,2,LM-PC-001; LM-PC-010,Missing product/commodity name on label | Label text readability below minimum statutory requirement (Rule 7)
LM-GEN-00424,BN2716,8904139616669,Red Chilli Powder,Spices,Disha Exports & Imports,"No. 34, Anna Salai, Chennai, Tamil Nadu - 600002",100g,g,MRP Rs. 750 (Incl. of all taxes),750,Rs. 7.5 per g,08/2024,011-23456789,contact@firm.co.in,India,POOR,COMPLIANT,100,NONE,0,None,None
LM-GEN-00425,BN9584,8906360434623,Moisturizing Cream,Dairy,Star FMCG Corporation,"Sector 63, NOIDA, Uttar Pradesh - 201301",100ml,ml,MRP Rs. 850,850,Rs. 8.5 per ml,07/2023,1800-890-0011,help@business.co.in,USA,GOOD,NON_COMPLIANT,75,MEDIUM,1,LM-PC-005,MRP missing mandatory phrase 'inclusive of all taxes'
LM-GEN-00426,BN4969,8901135049570,Toor Dal,Dairy,Odisha Produce Ltd.,Chandaka Industrial Estate,1kg,kg,MRP Rs. 299 (Incl. of all taxes),299,Rs. 299.0 per kg,03/2022,1800-419-8900,consumer@product.in,India,MODERATE,NON_COMPLIANT,85,LOW,1,LM-PC-003,Incomplete address — PIN code / State missing
LM-GEN-00427,BN2696,8904921612218,Moisturizing Cream,Personal Care,Agro Vision Industries,"Kumbargaon MIDC, Ahmednagar, Maharashtra - 414003",200ml,ml,MRP Rs. 850 (Incl. of all taxes),850,Rs. 4.25 per ml,01/2023,1800-123-7890,info@pack.in,China,GOOD,COMPLIANT,100,NONE,0,None,None
LM-GEN-00428,BN3703,8909303722553,Instant Noodles,Snacks & Bakery,Kerala Naturals Pvt. Ltd.,"SY 22/3, Edapally, Kochi, Kerala - 682024",70g,g,MRP Rs. 120 (Incl. of all taxes),120,Rs. 1.7143 per g,03/2024,1800-890-0011,help@business.co.in,India,MODERATE,COMPLIANT,100,NONE,0,None,None
LM-GEN-00429,BN2228,8907912545573,Sunscreen Lotion,Personal Care,Shree Ganesh Processors,"Near Water Tank, Sikar Road, Jaipur, Rajasthan - 302023",50ml,ml,MRP Rs. 9.5,9.5,Rs. 0.19 per ml,09/2022,,,India,POOR,NON_COMPLIANT,52,HIGH,3,LM-PC-005; LM-PC-007; LM-PC-010,MRP missing mandatory phrase 'inclusive of all taxes' | Consumer care helpline and email not provided | Label text readability below minimum statutory requirement (Rule 7)
LM-GEN-00430,BN8652,8901971722991,Pen (Ball Point),Stationery,Sunrise Foods Pvt. Ltd.,"Plot No. 14, MIDC Industrial Area, Pune, Maharashtra - 411026",5N,N,MRP Rs. 35 (Incl. of all taxes),35,,04/2023,,,India,MODERATE,NON_COMPLIANT,77,MEDIUM,2,LM-PC-007; LM-PC-009,Consumer care helpline and email not provided | Unit Sale Price (USP) not declared
LM-GEN-00431,BN7391,8906184453974,Shampoo,Personal Care,Royal Produce Pvt. Ltd.,"NH-44 Bypass Road, Hyderabad, Telangana - 500072",400ml,ml,MRP Rs. 180 (Incl. of all taxes),180,Rs. 0.45 per ml,08/2022,011-23456789,contact@firm.co.in,Made in India,POOR,COMPLIANT,100,NONE,0,None,None
LM-GEN-00432,BN7244,8907168292515,Full Cream Milk Powder,Dairy,Disha Exports & Imports,"No. 34, Anna Salai, Chennai, Tamil Nadu - 600002",500g,g,MRP Rs. 550 (Incl. of all taxes),550,Rs. 1.1 per g,01/2022,011-23456789,contact@firm.co.in,,POOR,NON_COMPLIANT,85,LOW,1,LM-PC-008,Country of Origin declaration missing
LM-GEN-00433,BN9697,8904991224959,Ayurvedic Churan,Health,Hindustan Consumer Goods,"Andheri East, MIDC, Mumbai, Maharashtra - 400093",50g,g,MRP Rs. 650 (Incl. of all taxes),650,Rs. 13.0 per g,07/2022,1800-419-8900,consumer@product.in,Manufactured in India,GOOD,COMPLIANT,100,NONE,0,None,None
LM-GEN-00434,BN5832,8909314288903,Mustard Oil,Edible Oil,Agro Vision Industries,"Kumbargaon MIDC, Ahmednagar, Maharashtra - 414003",1000ml,ml,MRP Rs. 50 (Incl. of all taxes),50,Rs. 0.05 per ml,04/2023,1800-419-8900,consumer@product.in,Manufactured in India,GOOD,COMPLIANT,100,NONE,0,None,None
LM-GEN-00435,BN5424,8902740197975,Deodorant Spray,Personal Care,Apex Consumer Products,"No. 7, 3rd Cross, Peenya Industrial Area, Bengaluru, Karnataka - 560058",300ml,ml,MRP Rs. 850 (Incl. of all taxes),850,Rs. 2.8333 per ml,02/2023,1800-123-7890,info@pack.in,India,MODERATE,COMPLIANT,100,NONE,0,None,None
LM-GEN-00436,BN6235,8909045744221,Multivitamin Tablets,Health,Bengal Foods International,"Park Circus, Kolkata, West Bengal - 700017",60grm,grm,MRP Rs. 20,20,Rs. 0.3333 per N,09/2023,1800-419-8900,consumer@product.in,India,MODERATE,NON_COMPLIANT,50,HIGH,2,LM-PC-004; LM-PC-005,Non-standard unit 'grm' used (must be SI: g/kg/ml/l/N/m) | MRP missing mandatory phrase 'inclusive of all taxes'
LM-GEN-00437,BN2916,8905174298944,Floor Cleaner,Household,Hindustan Consumer Goods,Andheri East,0.5l,l,MRP Rs. 120 (Incl. of all taxes),120,Rs. 240.0 per l,07/2023,,,China,GOOD,NON_COMPLIANT,70,MEDIUM,2,LM-PC-003; LM-PC-007,Incomplete address — PIN code / State missing | Consumer care helpline and email not provided
LM-GEN-00438,BN8345,8906651351125,,Spices,MP Agro Industries,"Pologround Industrial Area, Indore, Madhya Pradesh - 452015",50g,g,MRP Rs. 99 (Incl. of all taxes),99,Rs. 1.98 per g,11/2022,1800-103-1234,support@company.in,,GOOD,NON_COMPLIANT,60,MEDIUM,2,LM-PC-001; LM-PC-008,Missing product/commodity name on label | Country of Origin declaration missing
LM-GEN-00439,BN2508,8904549632525,,Personal Care,Prime Industries Ltd.,"Survey 45/A, Vatva GIDC, Ahmedabad, Gujarat - 382445",200g,g,MRP Rs. 25,25,Rs. 0.125 per g,07/2023,1800-103-1234,support@company.in,,GOOD,NON_COMPLIANT,35,CRITICAL,3,LM-PC-001; LM-PC-005; LM-PC-008,Missing product/commodity name on label | MRP missing mandatory phrase 'inclusive of all taxes' | Country of Origin declaration missing
LM-GEN-00440,BN6685,8902789541347,Butter,Dairy,Bengal Foods International,"Park Circus, Kolkata, West Bengal - 700017",100g,g,MRP Rs. 499 (Incl. of all taxes),499,Rs. 4.99 per g,02/2024,1800-572-3344,grievance@goods.in,India,GOOD,COMPLIANT,100,NONE,0,None,None
LM-GEN-00441,BN4519,8906538994503,Moong Dal,Pulses,TechPack Solutions,"EPIP Zone, Whitefield, Bengaluru, Karnataka - 560066",1000g,g,MRP Rs. 75 (Incl. of all taxes),75,Rs. 0.075 per g,02/2022,1800-103-1234,support@company.in,India,POOR,COMPLIANT,100,NONE,0,None,None
LM-GEN-00442,BN9321,8903468652075,Pesticide Spray,Agriculture,,"No. 7, 3rd Cross, Peenya Industrial Area, Bengaluru, Karnataka - 560058",250ml,ml,MRP Rs. 299 (Incl. of all taxes),299,Rs. 1.196 per ml,05/2022,011-23456789,contact@firm.co.in,,GOOD,NON_COMPLIANT,70,MEDIUM,2,LM-PC-002; LM-PC-008,Manufacturer/packer name not declared | Country of Origin declaration missing
LM-GEN-00443,BN8641,8907861693079,Bathing Soap,Personal Care,Star FMCG Corporation,"Sector 63, NOIDA, Uttar Pradesh - 201301",250g,g,MRP Rs. 850 (Incl. of all taxes),850,Rs. 3.4 per g,05/2022,1800-123-7890,info@pack.in,India,POOR,COMPLIANT,100,NONE,0,None,None
LM-GEN-00444,BN5908,8901361182181,Shampoo,Personal Care,Bengal Foods International,"Park Circus, Kolkata, West Bengal - 700017",200ml,ml,MRP Rs. 750 (Incl. of all taxes),750,Rs. 3.75 per ml,09/2022,011-23456789,contact@firm.co.in,India,GOOD,COMPLIANT,100,NONE,0,None,None
LM-GEN-00445,BN2880,8908137267985,Tomato Ketchup,Condiments,Bharat Organic Farms,"Village Narsingpur, Tehsil Harda, Madhya Pradesh - 461331",500mls,mls,MRP Rs. 499 (Incl. of all taxes),499,,,1800-890-0011,help@business.co.in,Bangladesh,GOOD,NON_COMPLIANT,52,HIGH,3,LM-PC-004; LM-PC-006; LM-PC-009,Non-standard unit 'mls' used (must be SI: g/kg/ml/l/N/m) | Month and year of manufacture / packing not declared | Unit Sale Price (USP) not declared
LM-GEN-00446,BN7691,8905490568048,Moong Dal,Pulses,Apex Consumer Products,"No. 7, 3rd Cross, Peenya Industrial Area, Bengaluru, Karnataka - 560058",500g,g,MRP Rs. 450 (Incl. of all taxes),450,Rs. 0.9 per g,10/2022,011-23456789,contact@firm.co.in,Bharat,GOOD,COMPLIANT,100,NONE,0,None,None
LM-GEN-00447,BN6824,8907397298267,Hair Oil,Personal Care,Sunrise Foods Pvt. Ltd.,"Plot No. 14, MIDC Industrial Area, Pune, Maharashtra - 411026",100ml,ml,MRP Rs. 120 (Incl. of all taxes),120,Rs. 1.2 per ml,07/2024,,,India,GOOD,NON_COMPLIANT,85,LOW,1,LM-PC-007,Consumer care helpline and email not provided
LM-GEN-00448,BN3275,8907601369076,Paneer,Dairy,Shree Ganesh Processors,"Near Water Tank, Sikar Road, Jaipur, Rajasthan - 302023",100g,g,MRP Rs. 50,50,,05/2024,1800-123-7890,info@pack.in,,POOR,NON_COMPLIANT,44,HIGH,4,LM-PC-005; LM-PC-008; LM-PC-009; LM-PC-010,MRP missing mandatory phrase 'inclusive of all taxes' | Country of Origin declaration missing | Unit Sale Price (USP) not declared | Label text readability below minimum statutory requirement (Rule 7)
LM-GEN-00449,BN8274,8908863425575,Instant Coffee,Health,Agro Vision Industries,Kumbargaon MIDC,50g,g,MRP Rs. 99 (Incl. of all taxes),99,Rs. 1.98 per g,03/2023,1800-890-0011,help@business.co.in,India,POOR,NON_COMPLIANT,85,LOW,1,LM-PC-003,Incomplete address — PIN code / State missing
LM-GEN-00450,BN9216,8902610303035,Fruit Jam,Condiments,,SY 22/3,500g,g,MRP Rs. 1499,1499,,09/2024,1800-200-5678,care@brand.com,Bharat,GOOD,NON_COMPLIANT,37,CRITICAL,4,LM-PC-002; LM-PC-003; LM-PC-009; LM-PC-005,Manufacturer/packer name not declared | Incomplete address — PIN code / State missing | Unit Sale Price (USP) not declared | MRP missing mandatory phrase 'inclusive of all taxes'
LM-GEN-00451,BN3646,8905166788654,Mosquito Repellent Liquid,Household,,"K-18, RIICO Industrial Area, Bhiwadi, Rajasthan - 301019",45ml,ml,MRP Rs. 350 (Incl. of all taxes),350,Rs. 7.7778 per ml,12/2023,1800-103-1234,support@company.in,India,GOOD,NON_COMPLIANT,85,LOW,1,LM-PC-002,Manufacturer/packer name not declared
LM-GEN-00452,BN8117,8905597052674,Tomato Ketchup,Condiments,Star FMCG Corporation,"Sector 63, NOIDA, Uttar Pradesh - 201301",250g,g,MRP Rs. 450 (Incl. of all taxes),450,Rs. 1.8 per g,01/2022,1800-123-7890,info@pack.in,Germany,GOOD,COMPLIANT,100,NONE,0,None,None
LM-GEN-00453,BN7514,8904310255422,Hybrid Tomato Seeds,Agriculture,Shree Ganesh Processors,"Near Water Tank, Sikar Road, Jaipur, Rajasthan - 302023",20g,g,MRP Rs. 200 (Incl. of all taxes),200,,10/2022,1800-103-1234,support@company.in,Bharat,GOOD,NON_COMPLIANT,92,LOW,1,LM-PC-009,Unit Sale Price (USP) not declared
LM-GEN-00454,BN9907,8903679836856,Instant Noodles,Snacks & Bakery,Odisha Produce Ltd.,"Chandaka Industrial Estate, Bhubaneswar, Odisha - 751024",140g,g,MRP Rs. 99 (Incl. of all taxes),99,Rs. 0.7071 per g,06/2024,1800-200-5678,care@brand.com,India,GOOD,COMPLIANT,100,NONE,0,None,None
LM-GEN-00455,BN9048,8902344388066,Toothbrush,Personal Care,Shree Ganesh Processors,"Near Water Tank, Sikar Road, Jaipur, Rajasthan - 302023",0.5N,N,MRP Rs. 999 (Incl. of all taxes),999,Rs. 1998.0 per N,07/2024,011-23456789,contact@firm.co.in,India,POOR,NON_COMPLIANT,92,LOW,1,LM-PC-010,Label text readability below minimum statutory requirement (Rule 7)
LM-GEN-00456,BN8126,8909484456894,Detergent Powder,Household,Bharat Organic Farms,"Village Narsingpur, Tehsil Harda, Madhya Pradesh - 461331",2kg,kg,MRP Rs. 99 (Incl. of all taxes),99,Rs. 49.5 per kg,,1800-123-7890,info@pack.in,Made in India,POOR,NON_COMPLIANT,77,MEDIUM,2,LM-PC-006; LM-PC-010,Month and year of manufacture / packing not declared | Label text readability below minimum statutory requirement (Rule 7)
LM-GEN-00457,BN6468,8901948106836,Bathing Soap,Personal Care,,"No. 34, Anna Salai, Chennai, Tamil Nadu - 600002",125g,g,MRP Rs. 200,200,Rs. 1.6 per g,02/2022,1800-572-3344,grievance@goods.in,,GOOD,NON_COMPLIANT,45,HIGH,3,LM-PC-002; LM-PC-008; LM-PC-005,Manufacturer/packer name not declared | Country of Origin declaration missing | MRP missing mandatory phrase 'inclusive of all taxes'
LM-GEN-00458,BN6024,8906109195501,Curd (Dahi),Dairy,Apex Consumer Products,"No. 7, 3rd Cross, Peenya Industrial Area, Bengaluru, Karnataka - 560058",800g,g,MRP Rs. 850 (Incl. of all taxes),850,Rs. 1.0625 per g,05/2022,1800-103-1234,support@company.in,Germany,MODERATE,COMPLIANT,100,NONE,0,None,None
LM-GEN-00459,BN5151,8901872882986,Toilet Cleaner,Household,Prime Industries Ltd.,"Survey 45/A, Vatva GIDC, Ahmedabad, Gujarat - 382445",1000ml,ml,MRP Rs. 200,200,,09/2023,1800-200-5678,care@brand.com,India,POOR,NON_COMPLIANT,67,MEDIUM,2,LM-PC-009; LM-PC-005,Unit Sale Price (USP) not declared | MRP missing mandatory phrase 'inclusive of all taxes'
LM-GEN-00460,BN2874,8904590053749,Adhesive Tape,Stationery,Apex Consumer Products,"No. 7, 3rd Cross, Peenya Industrial Area, Bengaluru, Karnataka - 560058",50m,m,MRP Rs. 150 (Incl. of all taxes),150,Rs. 3.0 per m,07/2022,1800-200-5678,care@brand.com,India,GOOD,COMPLIANT,100,NONE,0,None,None
LM-GEN-00461,BN6277,8906665145317,Cream Biscuits,Snacks & Bakery,Agro Vision Industries,"Kumbargaon MIDC, Ahmednagar, Maharashtra - 414003",100kilos,kilos,MRP Rs. 15 (Incl. of all taxes),15,Rs. 0.15 per g,12/2023,,,USA,GOOD,NON_COMPLIANT,60,MEDIUM,2,LM-PC-007; LM-PC-004,Consumer care helpline and email not provided | Non-standard unit 'kilos' used (must be SI: g/kg/ml/l/N/m)
LM-GEN-00462,BN8180,8904945476914,Full Cream Milk Powder,Dairy,MP Agro Industries,"Pologround Industrial Area, Indore, Madhya Pradesh - 452015",500g,g,MRP Rs. 1199 (Incl. of all taxes),1199,Rs. 2.398 per g,05/2023,1800-419-8900,consumer@product.in,India,GOOD,COMPLIANT,100,NONE,0,None,None
LM-GEN-00463,BN6967,8904437462172,Coriander Powder,Edible Oil,Sunrise Foods Pvt. Ltd.,"Plot No. 14, MIDC Industrial Area, Pune, Maharashtra - 411026",100grms,grms,MRP Rs. 550 (Incl. of all taxes),550,Rs. 5.5 per g,07/2024,1800-890-0011,help@business.co.in,China,GOOD,NON_COMPLIANT,75,MEDIUM,1,LM-PC-004,Non-standard unit 'grms' used (must be SI: g/kg/ml/l/N/m)
LM-GEN-00464,BN6418,8905386211786,,Personal Care,,"Pologround Industrial Area, Indore, Madhya Pradesh - 452015",200ml,ml,MRP Rs. 450 (Incl. of all taxes),450,Rs. 2.25 per ml,,,,India,MODERATE,NON_COMPLIANT,30,CRITICAL,4,LM-PC-001; LM-PC-002; LM-PC-006; LM-PC-007,Missing product/commodity name on label | Manufacturer/packer name not declared | Month and year of manufacture / packing not declared | Consumer care helpline and email not provided
LM-GEN-00465,BN9191,8909066422668,Fruit Jam,Condiments,Star FMCG Corporation,"Sector 63, NOIDA, Uttar Pradesh - 201301",500Liters,Liters,MRP Rs. 30 (Incl. of all taxes),30,,,,,USA,GOOD,NON_COMPLIANT,37,CRITICAL,4,LM-PC-004; LM-PC-009; LM-PC-007; LM-PC-006,Non-standard unit 'Liters' used (must be SI: g/kg/ml/l/N/m) | Unit Sale Price (USP) not declared | Consumer care helpline and email not provided | Month and year of manufacture / packing not declared
LM-GEN-00466,BN8184,8906934008050,Notebook,Staples,,"Kumbargaon MIDC, Ahmednagar, Maharashtra - 414003",0.5N,N,MRP Rs. 550 (Incl. of all taxes),550,Rs. 1100.0 per N,07/2022,1800-890-0011,help@business.co.in,India,GOOD,NON_COMPLIANT,85,LOW,1,LM-PC-002,Manufacturer/packer name not declared
LM-GEN-00467,BN1556,8909343219736,,Beverages,,"Park Circus, Kolkata, West Bengal - 700017",400ml,ml,MRP Rs. 650 (Incl. of all taxes),650,Rs. 1.625 per ml,05/2022,1800-572-3344,grievance@goods.in,India,POOR,NON_COMPLIANT,52,HIGH,3,LM-PC-010; LM-PC-002; LM-PC-001,Label text readability below minimum statutory requirement (Rule 7) | Manufacturer/packer name not declared | Missing product/commodity name on label
LM-GEN-00468,BN1684,8906109849055,Shaving Cream,Personal Care,JR Manufacturing,"K-18, RIICO Industrial Area, Bhiwadi, Rajasthan - 301019",140g,g,MRP Rs. 650,650,Rs. 4.6429 per g,07/2024,,,Bangladesh,GOOD,NON_COMPLIANT,60,MEDIUM,2,LM-PC-005; LM-PC-007,MRP missing mandatory phrase 'inclusive of all taxes' | Consumer care helpline and email not provided
LM-GEN-00469,BN4975,8908148913379,Rock Salt,Spices,Agro Vision Industries,Kumbargaon MIDC,500g,g,MRP Rs. 499 (Incl. of all taxes),499,Rs. 0.998 per g,04/2022,011-23456789,contact@firm.co.in,India,MODERATE,NON_COMPLIANT,85,LOW,1,LM-PC-003,Incomplete address — PIN code / State missing
LM-GEN-00470,BN3769,8904947712088,Instant Coffee,Beverages,Disha Exports & Imports,"No. 34, Anna Salai, Chennai, Tamil Nadu - 600002",50g,g,MRP Rs. 1499 (Incl. of all taxes),1499,Rs. 29.98 per g,04/2024,1800-103-1234,support@company.in,China,GOOD,COMPLIANT,100,NONE,0,None,None
LM-GEN-00471,BN2658,8908018409832,Paneer,Dairy,TechPack Solutions,"EPIP Zone, Whitefield, Bengaluru, Karnataka - 560066",400g,g,MRP Rs. 75 (Incl. of all taxes),75,Rs. 0.1875 per g,03/2023,1800-200-5678,care@brand.com,Bharat,POOR,COMPLIANT,100,NONE,0,None,None
LM-GEN-00472,BN4652,8905474650067,Basmati Rice,Staples,TechPack Solutions,"EPIP Zone, Whitefield, Bengaluru, Karnataka - 560066",0.5kg,kg,MRP Rs. 20 (Incl. of all taxes),20,Rs. 40.0 per kg,08/2023,1800-123-7890,info@pack.in,,POOR,NON_COMPLIANT,85,LOW,1,LM-PC-008,Country of Origin declaration missing
LM-GEN-00473,BN9586,8906574363173,,Staples,Hindustan Consumer Goods,Andheri East,0.5Kgs,Kgs,MRP Rs. 250 (Incl. of all taxes),250,Rs. 500.0 per kg,05/2024,011-23456789,contact@firm.co.in,Manufactured in India,GOOD,NON_COMPLIANT,35,CRITICAL,3,LM-PC-001; LM-PC-004; LM-PC-003,Missing product/commodity name on label | Non-standard unit 'Kgs' used (must be SI: g/kg/ml/l/N/m) | Incomplete address — PIN code / State missing
LM-GEN-00474,BN3260,8904880530279,Hair Conditioner,Personal Care,Star FMCG Corporation,"Sector 63, NOIDA, Uttar Pradesh - 201301",175ml,ml,MRP Rs. 999 (Incl. of all taxes),999,Rs. 0.999 per g,09/2022,1800-103-1234,support@company.in,India,GOOD,COMPLIANT,100,NONE,0,None,None
LM-GEN-00475,BN4822,8909888471207,Potato Chips,Snacks & Bakery,MP Agro Industries,"Pologround Industrial Area, Indore, Madhya Pradesh - 452015",50g,g,MRP Rs. 150 (Incl. of all taxes),150,Rs. 0.3 per g,04/2023,1800-572-3344,grievance@goods.in,India,GOOD,COMPLIANT,100,NONE,0,None,None
LM-GEN-00476,BN7496,8905404346329,Detergent Powder,Household,Bengal Foods International,"Park Circus, Kolkata, West Bengal - 700017",2kg,kg,MRP Rs. 999 (Incl. of all taxes),999,Rs. 499.5 per kg,09/2024,011-23456789,contact@firm.co.in,India,POOR,COMPLIANT,100,NONE,0,None,None
LM-GEN-00477,BN3745,8903736351172,Instant Coffee,Beverages,Star FMCG Corporation,"Sector 63, NOIDA, Uttar Pradesh - 201301",100g,g,MRP Rs. 120 (Incl. of all taxes),120,Rs. 1.2 per g,09/2022,1800-103-1234,support@company.in,India,POOR,COMPLIANT,100,NONE,0,None,None
LM-GEN-00478,BN4415,8903028729854,Pickle (Achar),Condiments,GreenLeaf Agro Industries,"Survey No. 87, Rajkot Industrial Estate, Rajkot, Gujarat - 360002",800g,g,MRP Rs. 750,750,Rs. 0.9375 per g,04/2024,011-23456789,contact@firm.co.in,USA,GOOD,NON_COMPLIANT,75,MEDIUM,1,LM-PC-005,MRP missing mandatory phrase 'inclusive of all taxes'
LM-GEN-00479,BN9629,8901451151160,Notebook,Stationery,Bengal Foods International,"Park Circus, Kolkata, West Bengal - 700017",2N,N,MRP Rs. 25 (Incl. of all taxes),25,Rs. 12.5 per N,12/2022,011-23456789,contact@firm.co.in,India,GOOD,COMPLIANT,100,NONE,0,None,None
LM-GEN-00480,BN2118,8907973949715,Multivitamin Tablets,Health,Disha Exports & Imports,"No. 34, Anna Salai, Chennai, Tamil Nadu - 600002",120N,N,MRP Rs. 99,99,,10/2023,1800-419-8900,consumer@product.in,,POOR,NON_COMPLIANT,44,HIGH,4,LM-PC-005; LM-PC-008; LM-PC-009; LM-PC-010,MRP missing mandatory phrase 'inclusive of all taxes' | Country of Origin declaration missing | Unit Sale Price (USP) not declared | Label text readability below minimum statutory requirement (Rule 7)
LM-GEN-00481,BN8468,8905407597260,Digestive Tablets,Health,GreenLeaf Agro Industries,"Survey No. 87, Rajkot Industrial Estate, Rajkot, Gujarat - 360002",15N,N,MRP Rs. 50 (Incl. of all taxes),50,Rs. 3.3333 per N,08/2022,011-23456789,contact@firm.co.in,India,MODERATE,COMPLIANT,100,NONE,0,None,None
LM-GEN-00482,BN1977,8905908546865,Lip Balm,Personal Care,,"SY 22/3, Edapally, Kochi, Kerala - 682024",2Kgs,Kgs,MRP Rs. 450 (Incl. of all taxes),450,Rs. 225.0 per g,02/2022,1800-890-0011,help@business.co.in,,GOOD,NON_COMPLIANT,45,HIGH,3,LM-PC-004; LM-PC-008; LM-PC-002,Non-standard unit 'Kgs' used (must be SI: g/kg/ml/l/N/m) | Country of Origin declaration missing | Manufacturer/packer name not declared
LM-GEN-00483,BN7127,8901777511859,Deodorant Spray,Personal Care,Sunrise Foods Pvt. Ltd.,Plot No. 14,300ml,ml,MRP Rs. 1199 (Incl. of all taxes),1199,Rs. 3.9967 per ml,09/2023,,,India,MODERATE,NON_COMPLIANT,70,MEDIUM,2,LM-PC-003; LM-PC-007,Incomplete address — PIN code / State missing | Consumer care helpline and email not provided
LM-GEN-00484,BN2924,8905437660427,Fertilizer (NPK),Agriculture,Odisha Produce Ltd.,"Chandaka Industrial Estate, Bhubaneswar, Odisha - 751024",0.5kg,kg,MRP Rs. 150 (Incl. of all taxes),150,Rs. 300.0 per kg,,1800-123-7890,info@pack.in,Bangladesh,MODERATE,NON_COMPLIANT,85,LOW,1,LM-PC-006,Month and year of manufacture / packing not declared
LM-GEN-00485,BN8452,8905014583574,Wheat Flour (Atta),Staples,Star FMCG Corporation,"Sector 63, NOIDA, Uttar Pradesh - 201301",5kg,kg,MRP Rs. 650 (Incl. of all taxes),650,Rs. 130.0 per kg,09/2022,1800-200-5678,care@brand.com,India,MODERATE,COMPLIANT,100,NONE,0,None,None
LM-GEN-00486,BN7225,8908406539689,Talcum Powder,Personal Care,Apex Consumer Products,"No. 7, 3rd Cross, Peenya Industrial Area, Bengaluru, Karnataka - 560058",100g,g,MRP Rs. 150 (Incl. of all taxes),150,Rs. 1.5 per g,06/2023,1800-890-0011,help@business.co.in,USA,POOR,COMPLIANT,100,NONE,0,None,None
LM-GEN-00487,BN2218,8905848404105,Tomato Ketchup,Personal Care,MP Agro Industries,"Pologround Industrial Area, Indore, Madhya Pradesh - 452015",500g,g,MRP Rs. 399 (Incl. of all taxes),399,Rs. 0.798 per g,02/2024,1800-419-8900,consumer@product.in,,GOOD,NON_COMPLIANT,85,LOW,1,LM-PC-008,Country of Origin declaration missing
LM-GEN-00488,BN4115,8904997718164,Rock Salt,Dairy,Royal Produce Pvt. Ltd.,"NH-44 Bypass Road, Hyderabad, Telangana - 500072",1000g,g,MRP Rs. 1499 (Incl. of all taxes),1499,Rs. 1.499 per g,,1800-890-0011,help@business.co.in,Made in India,MODERATE,NON_COMPLIANT,85,LOW,1,LM-PC-006,Month and year of manufacture / packing not declared
LM-GEN-00489,BN2528,8902165654360,Adhesive Tape,Stationery,Shree Ganesh Processors,"Near Water Tank, Sikar Road, Jaipur, Rajasthan - 302023",50GMS,GMS,MRP Rs. 120 (Incl. of all taxes),120,Rs. 2.4 per m,02/2022,1800-419-8900,consumer@product.in,,MODERATE,NON_COMPLIANT,60,MEDIUM,2,LM-PC-004; LM-PC-008,Non-standard unit 'GMS' used (must be SI: g/kg/ml/l/N/m) | Country of Origin declaration missing
LM-GEN-00490,BN8428,8909636086508,,Pulses,Disha Exports & Imports,"No. 34, Anna Salai, Chennai, Tamil Nadu - 600002",2kg,kg,MRP Rs. 200,200,Rs. 100.0 per kg,01/2023,1800-419-8900,consumer@product.in,India,GOOD,NON_COMPLIANT,50,HIGH,2,LM-PC-001; LM-PC-005,Missing product/commodity name on label | MRP missing mandatory phrase 'inclusive of all taxes'
LM-GEN-00491,BN8579,8905025540247,Bathing Soap,Personal Care,Disha Exports & Imports,"No. 34, Anna Salai, Chennai, Tamil Nadu - 600002",62.5g,g,MRP Rs. 1199 (Incl. of all taxes),1199,Rs. 19.184 per g,02/2024,011-23456789,contact@firm.co.in,Manufactured in India,GOOD,COMPLIANT,100,NONE,0,None,None
LM-GEN-00492,BN1787,8903792917993,,Household,Hindustan Consumer Goods,Andheri East,90ml,ml,MRP Rs. 15 (Incl. of all taxes),15,Rs. 0.1667 per ml,05/2022,1800-123-7890,info@pack.in,Germany,GOOD,NON_COMPLIANT,60,MEDIUM,2,LM-PC-001; LM-PC-003,Missing product/commodity name on label | Incomplete address — PIN code / State missing
LM-GEN-00493,BN9914,8904701575388,Shaving Cream,Personal Care,Evergreen Manufacturing Co.,"Phase II, Industrial Zone, Ludhiana, Punjab - 141010",70g,g,MRP Rs. 850 (Incl. of all taxes),850,Rs. 12.1429 per g,07/2024,1800-890-0011,help@business.co.in,Bangladesh,MODERATE,COMPLIANT,100,NONE,0,None,None
LM-GEN-00494,BN2045,8904108607834,Potato Chips,Snacks & Bakery,Shree Ganesh Processors,"Near Water Tank, Sikar Road, Jaipur, Rajasthan - 302023",100g,g,MRP Rs. 99 (Incl. of all taxes),99,Rs. 0.99 per g,10/2023,1800-419-8900,consumer@product.in,India,GOOD,COMPLIANT,100,NONE,0,None,None
LM-GEN-00495,BN1444,8908987875108,,Beverages,GreenLeaf Agro Industries,"Survey No. 87, Rajkot Industrial Estate, Rajkot, Gujarat - 360002",0.5Liters,Liters,MRP Rs. 30 (Incl. of all taxes),30,Rs. 60.0 per l,06/2024,1800-890-0011,help@business.co.in,Made in India,POOR,NON_COMPLIANT,42,HIGH,3,LM-PC-010; LM-PC-001; LM-PC-004,Label text readability below minimum statutory requirement (Rule 7) | Missing product/commodity name on label | Non-standard unit 'Liters' used (must be SI: g/kg/ml/l/N/m)
LM-GEN-00496,BN1167,8908075977539,,Condiments,,"Survey No. 87, Rajkot Industrial Estate, Rajkot, Gujarat - 360002",250g,g,MRP Rs. 25 (Incl. of all taxes),25,Rs. 0.1 per g,,,,Manufactured in India,GOOD,NON_COMPLIANT,30,CRITICAL,4,LM-PC-001; LM-PC-002; LM-PC-006; LM-PC-007,Missing product/commodity name on label | Manufacturer/packer name not declared | Month and year of manufacture / packing not declared | Consumer care helpline and email not provided
LM-GEN-00497,BN6234,8908817625391,Cream Biscuits,Snacks & Bakery,Apex Consumer Products,"No. 7, 3rd Cross, Peenya Industrial Area, Bengaluru, Karnataka - 560058",100g,g,MRP Rs. 30 (Incl. of all taxes),30,Rs. 0.3 per g,,011-23456789,contact@firm.co.in,India,GOOD,NON_COMPLIANT,85,LOW,1,LM-PC-006,Month and year of manufacture / packing not declared
LM-GEN-00498,BN1479,8907214288572,,Agriculture,MP Agro Industries,"Pologround Industrial Area, Indore, Madhya Pradesh - 452015",250ml,ml,MRP Rs. 35,35,Rs. 0.14 per ml,08/2023,1800-123-7890,info@pack.in,,MODERATE,NON_COMPLIANT,35,CRITICAL,3,LM-PC-001; LM-PC-005; LM-PC-008,Missing product/commodity name on label | MRP missing mandatory phrase 'inclusive of all taxes' | Country of Origin declaration missing
LM-GEN-00499,BN2610,8908789285214,,Snacks & Bakery,JR Manufacturing,"K-18, RIICO Industrial Area, Bhiwadi, Rajasthan - 301019",1000g,g,MRP Rs. 399 (Incl. of all taxes),399,Rs. 0.399 per g,08/2024,1800-890-0011,help@business.co.in,Made in India,MODERATE,NON_COMPLIANT,75,MEDIUM,1,LM-PC-001,Missing product/commodity name on label
LM-GEN-00500,BN7608,8902397715735,Curd (Dahi),Snacks & Bakery,TechPack Solutions,EPIP Zone,200g,g,MRP Rs. 850 (Incl. of all taxes),850,Rs. 4.25 per g,10/2022,1800-572-3344,grievance@goods.in,India,GOOD,NON_COMPLIANT,85,LOW,1,LM-PC-003,Incomplete address — PIN code / State missing
LM-GEN-00501,BN4577,8903029022094,Toothbrush,Personal Care,Pushpak Packaging Pvt. Ltd.,"Industrial Area Phase 1, Chandigarh - 160002",1N,N,MRP Rs. 25 (Incl. of all taxes),25,Rs. 25.0 per N,03/2024,1800-123-7890,info@pack.in,Germany,MODERATE,COMPLIANT,100,NONE,0,None,None
LM-GEN-00502,BN6133,8902425023291,Toothbrush,Personal Care,Hindustan Consumer Goods,Andheri East,0.5N,N,MRP Rs. 99 (Incl. of all taxes),99,Rs. 198.0 per N,01/2022,1800-123-7890,info@pack.in,,GOOD,NON_COMPLIANT,70,MEDIUM,2,LM-PC-008; LM-PC-003,Country of Origin declaration missing | Incomplete address — PIN code / State missing
LM-GEN-00503,BN5396,8907648224790,Extra Virgin Olive Oil,Edible Oil,Star FMCG Corporation,"Sector 63, NOIDA, Uttar Pradesh - 201301",125ml,ml,MRP Rs. 399 (Incl. of all taxes),399,,05/2024,1800-123-7890,info@pack.in,,GOOD,NON_COMPLIANT,77,MEDIUM,2,LM-PC-008; LM-PC-009,Country of Origin declaration missing | Unit Sale Price (USP) not declared
LM-GEN-00504,BN4807,8904743291412,Sugar,Staples,Bharat Organic Farms,"Village Narsingpur, Tehsil Harda, Madhya Pradesh - 461331",2kg,kg,MRP Rs. 75 (Incl. of all taxes),75,Rs. 37.5 per kg,06/2024,1800-200-5678,care@brand.com,Bangladesh,MODERATE,COMPLIANT,100,NONE,0,None,None
LM-GEN-00505,BN4973,8901687605438,Health Drink Mix,Beverages,GreenLeaf Agro Industries,"Survey No. 87, Rajkot Industrial Estate, Rajkot, Gujarat - 360002",250g,g,MRP Rs. 1199 (Incl. of all taxes),1199,Rs. 4.796 per g,05/2023,1800-419-8900,consumer@product.in,Germany,GOOD,COMPLIANT,100,NONE,0,None,None
LM-GEN-00506,BN6830,8909414967389,Red Chilli Powder,Spices,,"B-12, Okhla Industrial Phase II, New Delhi - 110020",200g,g,MRP Rs. 15 (Incl. of all taxes),15,Rs. 0.075 per g,,,,,POOR,NON_COMPLIANT,40,HIGH,4,LM-PC-008; LM-PC-002; LM-PC-007; LM-PC-006,Country of Origin declaration missing | Manufacturer/packer name not declared | Consumer care helpline and email not provided | Month and year of manufacture / packing not declared
LM-GEN-00507,BN6154,8905988135854,Red Chilli Powder,Spices,Agro Vision Industries,"Kumbargaon MIDC, Ahmednagar, Maharashtra - 414003",100g,g,MRP Rs. 120 (Incl. of all taxes),120,Rs. 48.0 per N,08/2024,1800-419-8900,consumer@product.in,Germany,POOR,COMPLIANT,100,NONE,0,None,None
LM-GEN-00508,BN3796,8902035605909,,Edible Oil,Prime Industries Ltd.,"Survey 45/A, Vatva GIDC, Ahmedabad, Gujarat - 382445",10N,N,MRP Rs. 250 (Incl. of all taxes),250,Rs. 25.0 per N,07/2022,1800-123-7890,info@pack.in,India,GOOD,NON_COMPLIANT,75,MEDIUM,1,LM-PC-001,Missing product/commodity name on label
LM-GEN-00509,BN8284,8908716819276,Pickle (Achar),Condiments,Pushpak Packaging Pvt. Ltd.,"Industrial Area Phase 1, Chandigarh - 160002",400g,g,MRP Rs. 399 (Incl. of all taxes),399,Rs. 39.9 per N,05/2023,1800-419-8900,consumer@product.in,Bharat,GOOD,COMPLIANT,100,NONE,0,None,None
LM-GEN-00510,BN8640,8902658423231,Hair Conditioner,Staples,Star FMCG Corporation,"Sector 63, NOIDA, Uttar Pradesh - 201301",87.5ml,ml,MRP Rs. 25 (Incl. of all taxes),25,Rs. 0.2857 per ml,,1800-123-7890,info@pack.in,Bangladesh,GOOD,NON_COMPLIANT,85,LOW,1,LM-PC-006,Month and year of manufacture / packing not declared
